bioguide_id,state,party,full_name,url,twitter,twitter_id,facebook,id.bioguide,social.twitter,social.facebook,social.youtube_id,social.twitter_id,social.youtube,social.instagram,social.instagram_id
C000127,WA,Democrat,Maria Cantwell,https://www.cantwell.senate.gov,SenatorCantwell,117501995.0,senatorcantwell,C000127,SenatorCantwell,senatorcantwell,UCN52UDqKgvHRk39ncySrIMw,117501995,SenatorCantwell,,
K000367,MN,Democrat,Amy Klobuchar,https://www.klobuchar.senate.gov,SenAmyKlobuchar,22044727.0,,K000367,SenAmyKlobuchar,,UCvdeJsDsV51tFb_hVqvtYGA,22044727,senatorklobuchar,,
S000033,VT,Independent,Bernard Sanders,https://www.sanders.senate.gov,SenSanders,29442313.0,senatorsanders,S000033,SenSanders,senatorsanders,UCD_DaKNac0Ta-2PeHuoQ1uA,29442313,senatorsanders,,
W000802,RI,Democrat,Sheldon Whitehouse,https://www.whitehouse.senate.gov,SenWhitehouse,242555999.0,SenatorWhitehouse,W000802,SenWhitehouse,SenatorWhitehouse,UCnG0N70SNBkNqvIMLodPTIA,242555999,SenatorWhitehouse,SenWhitehouse,
B001261,WY,Republican,John Barrasso,https://www.barrasso.senate.gov,SenJohnBarrasso,202206694.0,johnbarrasso,B001261,SenJohnBarrasso,johnbarrasso,UC80PfiCAB2Fe1MFayWlR6GQ,202206694,barrassowyo,,
W000437,MS,Republican,Roger F. Wicker,https://www.wicker.senate.gov,SenatorWicker,264219447.0,SenatorWicker,W000437,SenatorWicker,SenatorWicker,UCIlKHiTjSkcQP_knBcXHWSg,264219447,SenatorWicker,senatorwicker,367948073.0
C001035,ME,Republican,Susan M. Collins,https://www.collins.senate.gov,SenatorCollins,19726613.0,susancollins,C001035,SenatorCollins,susancollins,UC6GYaBx5kT2r4PN8KENxC-w,19726613,SenatorSusanCollins,sensusancollins,
C001056,TX,Republican,John Cornyn,https://www.cornyn.senate.gov,JohnCornyn,13218102.0,sen.johncornyn,C001056,JohnCornyn,sen.johncornyn,UCyQwLQavlOaJ64YuY_VMtiQ,13218102,senjohncornyn,,
D000563,IL,Democrat,Richard J. Durbin,https://www.durbin.senate.gov,SenatorDurbin,247334603.0,SenatorDurbin,D000563,SenatorDurbin,SenatorDurbin,UCkbixlNCxcKAffEhe3X5-lw,247334603,SenatorDurbin,,
G000359,SC,Republican,Lindsey Graham,https://www.lgraham.senate.gov/public,GrahamBlog,14845376.0,USSenatorLindseyGraham,G000359,GrahamBlog,USSenatorLindseyGraham,UClLGZMA5Ei2Z8fR1PLEx6yQ,14845376,USSenLindseyGraham,,
M000355,KY,Republican,Mitch McConnell,https://www.mcconnell.senate.gov,McConnellPress,339822881.0,mitchmcconnell,M000355,McConnellPress,mitchmcconnell,,339822881,,mcconnellpress,
M001176,OR,Democrat,Jeff Merkley,https://www.merkley.senate.gov,SenJeffMerkley,29201047.0,jeffmerkley,M001176,SenJeffMerkley,jeffmerkley,UCRoXttCJhMnLVCxCaa6VnNQ,29201047,SenatorJeffMerkley,senjeffmerkley,501463589.0
R000122,RI,Democrat,Jack Reed,https://www.reed.senate.gov,SenJackReed,486694111.0,SenJackReed,R000122,SenJackReed,SenJackReed,UCT_aFVtsjxPwWKfO-PW_hPw,486694111,SenatorReed,,
R000584,ID,Republican,James E. Risch,https://www.risch.senate.gov,SenatorRisch,1096059529.0,senatorjimrisch,R000584,SenatorRisch,senatorjimrisch,UCncKW8xyT5UbPNO27YuQnBA,1096059529,SenatorJamesRisch,,
S001181,NH,Democrat,Jeanne Shaheen,https://www.shaheen.senate.gov,SenatorShaheen,109287731.0,SenatorShaheen,S001181,SenatorShaheen,SenatorShaheen,UCjLZAZMbDrybHyttdEC9LFA,109287731,senatorshaheen,senatorshaheen,
W000805,VA,Democrat,Mark R. Warner,https://www.warner.senate.gov,MarkWarner,7429102.0,MarkRWarner,W000805,MarkWarner,MarkRWarner,UCwyivNlEGf4sGd1oDLfY5jw,7429102,SenatorMarkWarner,senatorwarner,515327940.0
G000555,NY,Democrat,Kirsten E. Gillibrand,https://www.gillibrand.senate.gov,GillibrandNY,8.999786224166953e+17,SenKirstenGillibrand,G000555,GillibrandNY,SenKirstenGillibrand,UCVEloQogVsmnkd5vxJInmYg,899978622416695297,KirstenEGillibrand,senkirstengillibrand,
C001088,DE,Democrat,Christopher A. Coons,https://www.coons.senate.gov,ChrisCoons,15324851.0,senatorchriscoons,C001088,ChrisCoons,senatorchriscoons,UC2lOVbsddn1HIkcDnmCw6tA,15324851,senatorchriscoons,senatorchriscoons,25194715.0
A000055,AL,Republican,Robert B. Aderholt,https://aderholt.house.gov,Robert_Aderholt,76452765.0,RobertAderholt,A000055,Robert_Aderholt,RobertAderholt,UC71CAgpg1gbLTew_pfTneGA,76452765,RobertAderholt,,
B001230,WI,Democrat,Tammy Baldwin,https://www.baldwin.senate.gov,SenatorBaldwin,1074518754.0,senatortammybaldwin,B001230,SenatorBaldwin,senatortammybaldwin,UC_XjYCRbbI2_TDDjJidwk0Q,1074518754,witammybaldwin,senatorbaldwin,
B001267,CO,Democrat,Michael F. Bennet,https://www.bennet.senate.gov,SenatorBennet,224285242.0,senbennetco,B001267,SenatorBennet,senbennetco,UCXB3cljpMwTyCUyLr2ZVLow,224285242,SenatorBennet,SenBennetCO,
B001257,FL,Republican,Gus M. Bilirakis,https://bilirakis.house.gov,RepGusBilirakis,26051676.0,GusBilirakis,B001257,RepGusBilirakis,GusBilirakis,UC2z1uu1n4-60xXs5x1mvLJw,26051676,RepGusBilirakis,gusbilirakis,
B000490,GA,Democrat,"Sanford D. Bishop, Jr.",https://bishop.house.gov,SanfordBishop,249410485.0,sanfordbishop,B000490,SanfordBishop,sanfordbishop,UCxF9veLBrkr_CqVq5eFYVGg,249410485,RepSanfordBishop,,
B001243,TN,Republican,Marsha Blackburn,https://www.blackburn.senate.gov,MarshaBlackburn,278145569.0,marshablackburn,B001243,MarshaBlackburn,marshablackburn,UCvNnmu5mUm7xr8QXBlbtQ9w,278145569,RepMarshaBlackburn,marshablackburn,
B001277,CT,Democrat,Richard Blumenthal,https://www.blumenthal.senate.gov,SenBlumenthal,278124059.0,SenBlumenthal,B001277,SenBlumenthal,SenBlumenthal,UCHH-fn3_LVt0Q4od56rOi5g,278124059,SenatorBlumenthal,senblumenthal,
B001236,AR,Republican,John Boozman,https://www.boozman.senate.gov/public,JohnBoozman,5558312.0,JohnBoozman,B001236,JohnBoozman,JohnBoozman,UC9vWHKL5OfIYh6kIV0rF2yw,5558312,BoozmanPressOffice,johnboozman,
B001260,FL,Republican,Vern Buchanan,https://buchanan.house.gov,VernBuchanan,20467163.0,CongressmanBuchanan,B001260,VernBuchanan,CongressmanBuchanan,UCY4DEy41NxOTdcF8_XAVZvw,20467163,vernbuchanan,repvern,344865327.0
C000059,CA,Republican,Ken Calvert,https://calvert.house.gov,KenCalvert,22545491.0,70063393423,C000059,KenCalvert,70063393423,UC5MEj7YOX_QdKoqD_HRxP3A,22545491,RepKenCalvert,repkencalvert,
C001047,WV,Republican,Shelley Moore Capito,https://www.capito.senate.gov,SenCapito,193794406.0,senshelley,C001047,SenCapito,senshelley,UCbiXdR4XQ3vD9Xp5lfR9QXw,193794406,,sencapito,1640447624.0
C001072,IN,Democrat,André Carson,https://carson.house.gov,RepAndreCarson,199325935.0,CongressmanAndreCarson,C001072,RepAndreCarson,CongressmanAndreCarson,UCprUnnEgM2VUGmAKSaZXCSw,199325935,repandrecarson,repandrecarson,
C001051,TX,Republican,John R. Carter,https://carter.house.gov,JudgeCarter,18030431.0,judgecarter,C001051,JudgeCarter,judgecarter,UC9pkaOrhPfouzkJ8oAdI-1w,18030431,repjohncarter,judgecarter,456560563.0
C001075,LA,Republican,Bill Cassidy,https://www.cassidy.senate.gov,SenBillCassidy,1.0175001853568532e+18,SenBillCassidy,C001075,SenBillCassidy,SenBillCassidy,UCCEyGhUzxgkxFzWCY-rxz8g,1017500185356853248,SenatorBillCassidy,senbillcassidy,
C001066,FL,Democrat,Kathy Castor,https://castor.house.gov,USRepKCastor,1880674038.0,USRepKathyCastor,C001066,USRepKCastor,USRepKathyCastor,UC_irxhmLqVenTFPxDxznG6g,1880674038,RepKathyCastor,usrepkathycastor,
C001080,CA,Democrat,Judy Chu,https://chu.house.gov,RepJudyChu,193732179.0,RepJudyChu,C001080,RepJudyChu,RepJudyChu,UCfcbYOvdEXZNelM8T05nK-w,193732179,RepJudyChu,repjudychu,
C001067,NY,Democrat,Yvette D. Clarke,https://clarke.house.gov,RepYvetteClarke,240812994.0,repyvettedclarke,C001067,RepYvetteClarke,repyvettedclarke,UC8SuQiuL2P9fUHAxuRoTdUQ,240812994,repyvetteclarke,repyvettedclarke,
C001061,MO,Democrat,Emanuel Cleaver,https://cleaver.house.gov,RepCleaver,163570705.0,emanuelcleaverii,C001061,RepCleaver,emanuelcleaverii,UCVC-7CLFjXczoihr5FxDLsw,163570705,repcleaver,repcleaver,
C000537,SC,Democrat,James E. Clyburn,https://clyburn.house.gov,RepJamesClyburn,188019606.0,jameseclyburn,C000537,RepJamesClyburn,jameseclyburn,UCIyU_UA_JEa14gvAwhquKqg,188019606,repjamesclyburn,repjamesclyburn,
C001068,TN,Democrat,Steve Cohen,https://cohen.house.gov,RepCohen,162069635.0,CongressmanSteveCohen,C001068,RepCohen,CongressmanSteveCohen,UC_NJlnsOBjOameUwZk0rvsA,162069635,repcohen,repcohen,
C001053,OK,Republican,Tom Cole,https://cole.house.gov,TomColeOK04,23124635.0,TomColeOK04,C001053,TomColeOK04,TomColeOK04,UCvqzPm_YnNkfEHpm3SEMJMQ,23124635,reptomcole,TomColeOK04,
C001059,CA,Democrat,Jim Costa,https://costa.house.gov,RepJimCosta,245451804.0,RepJimCosta,C001059,RepJimCosta,RepJimCosta,UCVgXX23eJEai6GiBOKO6dvA,245451804,RepJimCostaCA20,,
C001069,CT,Democrat,Joe Courtney,https://courtney.house.gov,RepJoeCourtney,85396297.0,joecourtney,C001069,RepJoeCourtney,joecourtney,UCGVIfe1T2hO1Lx7ap5Wkv1w,85396297,repcourtney,repjoecourtney,
C000880,ID,Republican,Mike Crapo,https://www.crapo.senate.gov,MikeCrapo,600463589.0,mikecrapo,C000880,MikeCrapo,mikecrapo,UCMHzKHg1BE7dEcFjnayw1lA,600463589,senatorcrapo,mikecrapo,329357214.0
C001087,AR,Republican,"Eric A. ""Rick"" Crawford",https://crawford.house.gov,RepRickCrawford,233693291.0,RepRickCrawford,C001087,RepRickCrawford,RepRickCrawford,UCLKAkVl4BHRK73lmDiIgPYg,233693291,RepRickCrawford,reprickcrawford,389864684.0
C001063,TX,Democrat,Henry Cuellar,https://cuellar.house.gov,RepCuellar,210926192.0,152569121550,C001063,RepCuellar,152569121550,UCVgEOdJx3tyILO9EjZ-heEQ,210926192,henrycuellar,RepCuellar,
D000096,IL,Democrat,Danny K. Davis,https://davis.house.gov,RepDannyDavis,789244177.0,CongressmanDKDavis,D000096,RepDannyDavis,CongressmanDKDavis,UCdhrT09_XMr31tuI8OcKsjQ,789244177,dannykdavis07,,
D000197,CO,Democrat,Diana DeGette,https://degette.house.gov,RepDianaDeGette,28599820.0,DianaDeGette,D000197,RepDianaDeGette,DianaDeGette,UCWFQCRTHwsHg9P1Hf-EQtew,28599820,RepDianaDeGette,,
D000216,CT,Democrat,Rosa L. DeLauro,https://delauro.house.gov,RosaDeLauro,140519774.0,CongresswomanRosaDeLauro,D000216,RosaDeLauro,CongresswomanRosaDeLauro,UC9ROfGBm7kSLCEDYwFF6McQ,140519774,rosadelauro,,
D000616,TN,Republican,Scott DesJarlais,https://desjarlais.house.gov,DesJarlaisTN04,235312723.0,ScottDesJarlaisTN04,D000616,DesJarlaisTN04,ScottDesJarlaisTN04,UCvjuSLoi3hS0ECQvJLhwOkA,235312723,ScottDesJarlaisTN04,desjarlaistn04,260930821.0
D000600,FL,Republican,Mario Diaz-Balart,https://mariodiazbalart.house.gov,MarioDB,37094727.0,mdiazbalart,D000600,MarioDB,mdiazbalart,UCpEEd0Plxx5D78pI4a4mFTQ,37094727,MarioDiazBalart,repmariodb,316477657.0
D000399,TX,Democrat,Lloyd Doggett,https://doggett.house.gov,RepLloydDoggett,153944899.0,lloyddoggett,D000399,RepLloydDoggett,lloyddoggett,UCN-kiLKyHPcfRVZ28sAHS_g,153944899,doggett,replloyddoggett,
F000459,TN,Republican,"Charles J. ""Chuck"" Fleischmann",https://fleischmann.house.gov,RepChuck,235190657.0,repchuck,F000459,RepChuck,repchuck,UCTtRrJkM-R-f2K0byCMvHgw,235190657,repchuck,,
F000450,NC,Republican,Virginia Foxx,https://foxx.house.gov,VirginiaFoxx,16256269.0,RepVirginiaFoxx,F000450,VirginiaFoxx,RepVirginiaFoxx,UCggineJcxJn80TRXxdQbx6w,16256269,repvirginiafoxx,repvirginiafoxx,
G000559,CA,Democrat,John Garamendi,https://garamendi.house.gov,RepGaramendi,88806753.0,repgaramendi,G000559,RepGaramendi,repgaramendi,UCRym1qsO72C39gX6pBu4icg,88806753,garamendiCA10,repgaramendi,
G000565,AZ,Republican,Paul A. Gosar,https://gosar.house.gov,RepGosar,240760644.0,repgosar,G000565,RepGosar,repgosar,UC5orqw_9acsKWSRbrqTDXBw,240760644,repgosar,REPGOSAR,
G000386,IA,Republican,Chuck Grassley,https://www.grassley.senate.gov,ChuckGrassley,10615232.0,grassley,G000386,ChuckGrassley,grassley,UCiCPRkcLMInpDeOqGkMTt4w,10615232,senchuckgrassley,senatorchuckgrassley,
G000546,MO,Republican,Sam Graves,https://graves.house.gov,RepSamGraves,29766367.0,118514606128,G000546,RepSamGraves,118514606128,UCdg2ybvoHsSW6t7iJnKHlNg,29766367,,repsamgraves,
G000553,TX,Democrat,Al Green,https://algreen.house.gov,RepAlGreen,156333623.0,repalgreen,G000553,RepAlGreen,repalgreen,UCFtgMZm1YUXaZ8OtOj-GDjA,156333623,RepAlGreen,repalgreen,
G000568,VA,Republican,H. Morgan Griffith,https://morgangriffith.house.gov,RepMGriffith,234057152.0,RepMorganGriffith,G000568,RepMGriffith,RepMorganGriffith,UCzxqD7EY_Rdvbc0spbaYkJA,234057152,RepMorganGriffith,hmorgangriffith,
G000558,KY,Republican,Brett Guthrie,https://guthrie.house.gov,RepGuthrie,1908143071.0,CongressmanGuthrie,G000558,RepGuthrie,CongressmanGuthrie,UCdJhDw-YbdH0RHfWK0sIfiw,1908143071,BrettGuthrie,repguthrie,
H001052,MD,Republican,Andy Harris,https://harris.house.gov,RepAndyHarrisMD,960962340.0,AndyHarrisMD,H001052,RepAndyHarrisMD,AndyHarrisMD,UCvUuV7FiJfJi1yux4qozgMg,960962340,RepAndyHarris,,
H001046,NM,Democrat,Martin Heinrich,https://www.heinrich.senate.gov,MartinHeinrich,1099199839.0,MartinHeinrich,H001046,MartinHeinrich,MartinHeinrich,UCBxh8IK5sMxY0Ln_0G2NYcg,1099199839,SenMartinHeinrich,senatormartinheinrich,285288987.0
H001047,CT,Democrat,James A. Himes,https://himes.house.gov,jahimes,,CongressmanJimHimes,H001047,jahimes,CongressmanJimHimes,UCCeB6czh6nhCHxOMCk_V4yA,,congressmanhimes,repjimhimes,
H001042,HI,Democrat,Mazie K. Hirono,https://www.hirono.senate.gov,MazieHirono,92186819.0,senatorhirono,H001042,MazieHirono,senatorhirono,UCcoKhxad156flzPYJ8JMFOA,92186819,CongresswomanHirono,maziehirono,304094084.0
H001061,ND,Republican,John Hoeven,https://www.hoeven.senate.gov,SenJohnHoeven,382791093.0,SenatorJohnHoeven,H001061,SenJohnHoeven,SenatorJohnHoeven,UC1kQIC2Q_Fq9_NRqdb6eHiw,382791093,senatorjohnhoevennd,senjohnhoeven,1237544252.0
H000874,MD,Democrat,Steny H. Hoyer,https://hoyer.house.gov,RepStenyHoyer,22012091.0,WhipHoyer,H000874,RepStenyHoyer,WhipHoyer,UCvxgqX65cdhHNjJn64cgY9g,22012091,LeaderHoyer,repstenyhoyer,51616645.0
H001058,MI,Republican,Bill Huizenga,https://huizenga.house.gov,RepHuizenga,233949261.0,RepHuizenga,H001058,RepHuizenga,RepHuizenga,UCQPlLLiMnysMmeJ5qUSSjQg,233949261,RepHuizenga,RepHuizenga,
J000288,GA,Democrat,"Henry C. ""Hank"" Johnson, Jr.",https://hankjohnson.house.gov,RepHankJohnson,24745957.0,115356957005,J000288,RepHankJohnson,115356957005,UCqMici9I7nz_i-PN7eSYjwQ,24745957,RepHankJohnson,rephankjohnson,
J000293,WI,Republican,Ron Johnson,https://www.ronjohnson.senate.gov,SenRonJohnson,233737858.0,senronjohnson,J000293,SenRonJohnson,senronjohnson,UCG9XyTVtOAs7VX_q_QVHoaw,233737858,SenatorRonJohnson,senronjohnson,
J000289,OH,Republican,Jim Jordan,https://jordan.house.gov,Jim_Jordan,18166778.0,repjimjordan,J000289,Jim_Jordan,repjimjordan,UCPFBhS00ivPV585GlnNlyqA,18166778,RepJimJordan,,
K000009,OH,Democrat,Marcy Kaptur,https://kaptur.house.gov,RepMarcyKaptur,581141508.0,RepresentativeMarcyKaptur,K000009,RepMarcyKaptur,RepresentativeMarcyKaptur,UCIJUNf22o09nO02oQPLKQ6w,581141508,USRepMarcyKaptur,repmarcykaptur,
K000375,MA,Democrat,William R. Keating,https://keating.house.gov,USRepKeating,232992031.0,Congressman.Keating,K000375,USRepKeating,Congressman.Keating,UC7KPV4xdxO2dms9vl6tETmg,232992031,RepBillKeating,,
K000376,PA,Republican,Mike Kelly,https://kelly.house.gov,MikeKellyPA,935368364.0,191056827594903,K000376,MikeKellyPA,191056827594903,UCoz6u3ooQxoijsWvhoQ0D-A,935368364,repmikekelly,,
L000575,OK,Republican,James Lankford,https://www.lankford.senate.gov,SenatorLankford,225921757.0,SenatorLankford,L000575,SenatorLankford,SenatorLankford,UCz8T6sK5fEycyWmVz6Vpe5Q,225921757,SenatorLankford,senatorlankford,1552251018.0
L000560,WA,Democrat,Rick Larsen,https://larsen.house.gov,RepRickLarsen,404132211.0,RepRickLarsen,L000560,RepRickLarsen,RepRickLarsen,UCMv7LsJtiyO4AJcbRux5CxQ,404132211,congressmanlarsen,repricklarsen,
L000557,CT,Democrat,John B. Larson,https://larson.house.gov,RepJohnLarson,50452197.0,RepJohnLarson,L000557,RepJohnLarson,RepJohnLarson,UCGPsvFF-9WfpdRSCcCrPLiQ,50452197,RepJohnLarson,RepJohnBLarson,
L000566,OH,Republican,Robert E. Latta,https://latta.house.gov,BobLatta,15394954.0,boblatta,L000566,BobLatta,boblatta,UCVSBVHoWu-eWnBBQaMKZ_sQ,15394954,CongressmanBobLatta,boblatta,26367713.0
L000577,UT,Republican,Mike Lee,https://www.lee.senate.gov,SenMikeLee,88784440.0,senatormikelee,L000577,SenMikeLee,senatormikelee,UCplVxs_j_sLAt0fkplXcl4A,88784440,senatormikelee,senmikelee,391361701.0
L000397,CA,Democrat,Zoe Lofgren,https://lofgren.house.gov,RepZoeLofgren,267938462.0,zoelofgren,L000397,RepZoeLofgren,zoelofgren,UCOaQ79adORFcaTuJZoIFuZQ,267938462,RepZoeLofgren,,
L000491,OK,Republican,Frank D. Lucas,https://lucas.house.gov,RepFrankLucas,242772524.0,RepFrankLucas,L000491,RepFrankLucas,RepFrankLucas,UCdYZbKY8pkWAThqwC3fdVMg,242772524,RepFrankLucas,repfranklucas,
L000570,NM,Democrat,Ben Ray Luján,https://www.lujan.senate.gov,SenatorLujan,19318314.0,SenatorLujan,L000570,SenatorLujan,SenatorLujan,,19318314,,senatorlujan,
L000562,MA,Democrat,Stephen F. Lynch,https://lynch.house.gov,RepStephenLynch,310310133.0,repstephenlynch,L000562,RepStephenLynch,repstephenlynch,UCxL4zG0YWqC5XTO4af_FOgw,310310133,RepLynch,repstephenlynch,
M000133,MA,Democrat,Edward J. Markey,https://www.markey.senate.gov,SenMarkey,21406834.0,EdJMarkey,M000133,SenMarkey,EdJMarkey,UCT1ujew5yQy2uMhGrjiKHoA,21406834,RepMarkey,senmarkeymemes,
M001163,CA,Democrat,Doris O. Matsui,https://matsui.house.gov,DorisMatsui,38254095.0,doris.matsui,M001163,DorisMatsui,doris.matsui,UCSqqxVkvskHq3cY2MCbTZsw,38254095,RepDorisMatsui,repdorismatsui,
M001157,TX,Republican,Michael T. McCaul,https://mccaul.house.gov,RepMcCaul,26424123.0,michaeltmccaul,M001157,RepMcCaul,michaeltmccaul,UCRw6sGE0PH7_FCeTT3PQRaA,26424123,MichaelTMcCaul,congressman_mccaul,
M001177,CA,Republican,Tom McClintock,https://mcclintock.house.gov,RepMcClintock,50152441.0,81125319109,M001177,RepMcClintock,81125319109,UCMh04KC4LfIzKoXh2Xws_pw,50152441,McClintockCA04,repmcclintock,
M001143,MN,Democrat,Betty McCollum,https://mccollum.house.gov,BettyMcCollum04,516880804.0,repbettymccollum,M001143,BettyMcCollum04,repbettymccollum,UC3sZJSdiZo2EBHbsOlsnI7A,516880804,BMcCollum04,repbettymccollum,
M000312,MA,Democrat,James P. McGovern,https://mcgovern.house.gov,RepMcGovern,242426145.0,RepJimMcGovern,M000312,RepMcGovern,RepJimMcGovern,UCpiUqp2ZF64tXqgR_EQo27g,242426145,repjimmcgovern,repmcgovern,
M001137,NY,Democrat,Gregory W. Meeks,https://meeks.house.gov,RepGregoryMeeks,22812754.0,gregorymeeksny05,M001137,RepGregoryMeeks,gregorymeeksny05,UCljJnwgQS6Z6-NypDyqKJZQ,22812754,gwmeeks,repgregorymeeks,
M001160,WI,Democrat,Gwen Moore,https://gwenmoore.house.gov,RepGwenMoore,22669526.0,GwenSMoore,M001160,RepGwenMoore,GwenSMoore,UCCs9o1XaSsCsqNpO0iO0_Ew,22669526,RepGwenMoore,RepGwenMoore,
M000934,KS,Republican,Jerry Moran,https://www.moran.senate.gov,JerryMoran,18632666.0,jerrymoran,M000934,JerryMoran,jerrymoran,UC1oRxeUPam6-53wPBZ3N02A,18632666,senatorjerrymoran,senjerrymoran,298271065.0
M001153,AK,Republican,Lisa Murkowski,https://www.murkowski.senate.gov,LisaMurkowski,18061669.0,SenLisaMurkowski,M001153,LisaMurkowski,SenLisaMurkowski,UCaigku16AErqvD0wRuwGb9A,18061669,senatormurkowski,senlisamurkowski,
M001169,CT,Democrat,Christopher Murphy,https://www.murphy.senate.gov,SenMurphyOffice,2853793517.0,chrismurphyct,M001169,SenMurphyOffice,chrismurphyct,UCbcEa40PIFpLpdDe06n3F3Q,2853793517,senchrismurphy,senchrismurphy,
M001111,WA,Democrat,Patty Murray,https://www.murray.senate.gov,PattyMurray,293131808.0,,M001111,PattyMurray,,UCb8jq3TvQ3AzKsexhWfFLoA,293131808,SenatorPattyMurray,senpattymurray,426137845.0
N000002,NY,Democrat,Jerrold Nadler,https://nadler.house.gov,RepJerryNadler,40302336.0,CongressmanNadler,N000002,RepJerryNadler,CongressmanNadler,UCQKj0qU1e7o2f5ftSh-c9aQ,40302336,congressmannadler,,
N000015,MA,Democrat,Richard E. Neal,https://neal.house.gov,RepRichardNeal,442824717.0,reprichardneal,N000015,RepRichardNeal,reprichardneal,UCZVtTydu0-MSK6G12GaKA4g,442824717,RepRichardENeal,,
N000147,DC,Democrat,Eleanor Holmes Norton,https://norton.house.gov,EleanorNorton,23600262.0,CongresswomanNorton,N000147,EleanorNorton,CongresswomanNorton,UChRrAXUGylfxJjbquC6aUjQ,23600262,EleanorHNorton,congresswomannorton,
P000034,NJ,Democrat,"Frank Pallone, Jr.",https://pallone.house.gov,FrankPallone,31801993.0,repfrankpallone,P000034,FrankPallone,repfrankpallone,UCN0_wn9hs1LI3UKkji2PP2A,31801993,repfrankpallone,repfrankpallone,
P000603,KY,Republican,Rand Paul,https://www.paul.senate.gov,SenRandPaul,1.2986243756928942e+18,SenatorRandPaul,P000603,SenRandPaul,SenatorRandPaul,UCeM9I-20oWUs8daIIpsNHoQ,1298624375692894210,SenatorRandPaul,senatorrandpaul,541357095.0
P000197,CA,Democrat,Nancy Pelosi,https://pelosi.house.gov,SpeakerPelosi,15764644.0,NancyPelosi,P000197,SpeakerPelosi,NancyPelosi,UCxPeEcH0xaCK9nBK98EFhDg,15764644,nancypelosi,,
P000595,MI,Democrat,Gary C. Peters,https://www.peters.senate.gov,SenGaryPeters,236511574.0,SenGaryPeters,P000595,SenGaryPeters,SenGaryPeters,UC7LYNbnKSK2VZqQ98YROWHQ,236511574,RepGaryPeters,sengarypeters,1640246681.0
P000597,ME,Democrat,Chellie Pingree,https://pingree.house.gov,ChelliePingree,14984637.0,ChelliePingree,P000597,ChelliePingree,ChelliePingree,UCLKaWFM7I84WcreDRhhhkVg,14984637,congresswomanpingree,chelliepingree,
Q000023,IL,Democrat,Mike Quigley,https://quigley.house.gov,RepMikeQuigley,56864092.0,repmikequigley,Q000023,RepMikeQuigley,repmikequigley,UCDP13XegdoZ4bxYHxM34yAA,56864092,RepMikeQuigley,repmikequigley,1403659583.0
R000395,KY,Republican,Harold Rogers,https://halrogers.house.gov,RepHalRogers,550401754.0,CongressmanHalRogers,R000395,RepHalRogers,CongressmanHalRogers,UChVFKLZkRoHQDhp4zNvEezQ,550401754,RepHalRogers,rephalrogers,
R000575,AL,Republican,Mike Rogers,https://mikerogers.house.gov,RepMikeRogersAL,33977070.0,CongressmanMikeDRogers,R000575,RepMikeRogersAL,CongressmanMikeDRogers,UCH-WUWuY0_dlKwJDSqKTJsg,33977070,MikeRogersAL03,repmikerogersal,259435765.0
S001176,LA,Republican,Steve Scalise,https://scalise.house.gov,SteveScalise,1209417007.0,RepSteveScalise,S001176,SteveScalise,RepSteveScalise,UCmYveHBVXVBRxl7GiCL-gjw,1209417007,RepSteveScalise,stevescalise,1210937919.0
S001145,IL,Democrat,Janice D. Schakowsky,https://schakowsky.house.gov,JanSchakowsky,24195214.0,janschakowsky,S001145,JanSchakowsky,janschakowsky,UCuCHHPSENUEaaeH8n_CYDXQ,24195214,repschakowsky,JanSchakowsky,
S001150,CA,Democrat,Adam B. Schiff,https://www.schiff.senate.gov,,,SenAdamSchiff,S001150,,SenAdamSchiff,,,adamschiff,SenAdamSchiff,
S000148,NY,Democrat,Charles E. Schumer,https://www.schumer.senate.gov,SenSchumer,17494010.0,senschumer,S000148,SenSchumer,senschumer,UC-ABttxh8uQv_10qmwGaidw,17494010,SenatorSchumer,senschumer,
S001183,AZ,Republican,David Schweikert,https://schweikert.house.gov,RepDavid,229197216.0,repdavidschweikert,S001183,RepDavid,repdavidschweikert,UCVvuNVzkOUp7p_Pzkc6Zuvw,229197216,RepDavidSchweikert,repdavid,181147397.0
S001189,GA,Republican,Austin Scott,https://austinscott.house.gov,AustinScottGA08,234797704.0,RepAustinScott,S001189,AustinScottGA08,RepAustinScott,UC5M7eKHKQStktMyjieiHYZQ,234797704,RepAustinScott,,
S001157,GA,Democrat,David Scott,https://davidscott.house.gov,RepDavidScott,168673083.0,113303673339,S001157,RepDavidScott,113303673339,UCgf28zRkLSqAUiPuJhGdF0w,168673083,RepDavidScott,RepDavidScott,
S000185,VA,Democrat,"Robert C. ""Bobby"" Scott",https://bobbyscott.house.gov,BobbyScott,161791703.0,RepBobbyScott,S000185,BobbyScott,RepBobbyScott,UCdNNcpw8arCsUp55JwK_QAA,161791703,repbobbyscott,repbobbyscott,1173348983.0
S001184,SC,Republican,Tim Scott,https://www.scott.senate.gov,SenatorTimScott,217543151.0,SenatorTimScott,S001184,SenatorTimScott,SenatorTimScott,UCSfAsbG80CNInSKrtpKoL-w,217543151,SenatorTimScott,SenatorTimScott,
S001185,AL,Democrat,Terri A. Sewell,https://sewell.house.gov,RepTerriSewell,381152398.0,RepSewell,S001185,RepTerriSewell,RepSewell,UCHkEHtfrfUWOFtbUFQTQH7Q,381152398,RepSewell,repterriasewell,
S000344,CA,Democrat,Brad Sherman,https://sherman.house.gov,BradSherman,30216513.0,63158229861,S000344,BradSherman,63158229861,UCPisrz6-SLwVy2l9Mcy8kug,30216513,shermanca27,congressmansherman,
S001148,ID,Republican,Michael K. Simpson,https://simpson.house.gov,CongMikeSimpson,76132891.0,96007744606,S001148,CongMikeSimpson,96007744606,UCNXe0rJJeULTAP_7oyQNw8g,76132891,CongMikeSimpson,congressmanmikesimpson,
S000510,WA,Democrat,Adam Smith,https://adamsmith.house.gov,RepAdamSmith,58928690.0,RepAdamSmith,S000510,RepAdamSmith,RepAdamSmith,UCcrHso483LOfC6WwDnzAh-g,58928690,CongressmanAdamSmith,repadamsmith,
S001172,NE,Republican,Adrian Smith,https://adriansmith.house.gov,RepAdrianSmith,296245061.0,repadriansmith,S001172,RepAdrianSmith,repadriansmith,UCIgn2z-hwxx_aeggnyhv54Q,296245061,RepAdrianSmith,RepAdrianSmith,
S000522,NJ,Republican,Christopher H. Smith,https://chrissmith.house.gov,,,RepChrisSmith,S000522,,RepChrisSmith,UCtCNUDo3-I1gsd_03ppDfZg,,USRepChrisSmith,repchrissmith,
S001156,CA,Democrat,Linda T. Sánchez,https://lindasanchez.house.gov,RepLindaSanchez,312134473.0,CongresswomanLindaSanchez,S001156,RepLindaSanchez,CongresswomanLindaSanchez,UCu1K6uHxjMgj2mvzM7O9-ow,312134473,LindaTSanchez,replindasanchez,
T000193,MS,Democrat,Bennie G. Thompson,https://benniethompson.house.gov,BennieGThompson,82453460.0,CongressmanBennieGThompson,T000193,BennieGThompson,CongressmanBennieGThompson,UCzt2pBxh0dI24kYrWretXRw,82453460,RepBennieThompson,benniegthompson,347410575.0
T000460,CA,Democrat,Mike Thompson,https://mikethompson.house.gov,RepThompson,303861808.0,RepMikeThompson,T000460,RepThompson,RepMikeThompson,UC6pGbtqHZYZmScFGSz5bbdg,303861808,CongressmanMThompson,,
T000467,PA,Republican,Glenn Thompson,https://thompson.house.gov,CongressmanGT,18967498.0,CongressmanGT,T000467,CongressmanGT,CongressmanGT,UCNWX7lbWWvnNdzVMFI9DRiQ,18967498,CongressmanGT,congressman_gt,
T000250,SD,Republican,John Thune,https://www.thune.senate.gov,SenJohnThune,296361085.0,LeaderJohnThune,T000250,SenJohnThune,LeaderJohnThune,UCRu6lpRfxhkDGUrKDgQNZYQ,296361085,johnthune,senjohnthune,
T000469,NY,Democrat,Paul Tonko,https://tonko.house.gov,RepPaulTonko,84119348.0,reppaultonko,T000469,RepPaulTonko,reppaultonko,UC3P2SGFmmuCYRsjeso0hOQQ,84119348,reppaultonko,reppaultonko,
T000463,OH,Republican,Michael R. Turner,https://turner.house.gov,RepMikeTurner,51228911.0,RepMikeTurner,T000463,RepMikeTurner,RepMikeTurner,UC-6Ss-aZ3OPisf9GdVGtN8g,51228911,CongressmanTurner,repmiketurner,
V000128,MD,Democrat,Chris Van Hollen,https://www.vanhollen.senate.gov,ChrisVanHollen,18137749.0,chrisvanhollen,V000128,ChrisVanHollen,chrisvanhollen,UCkpfJWu1N9Okd6PE_NidtBQ,18137749,RepChrisVanHollen,chrisvanhollen,268595235.0
V000081,NY,Democrat,Nydia M. Velázquez,https://velazquez.house.gov,NydiaVelazquez,164369297.0,8037068318,V000081,NydiaVelazquez,8037068318,UCqMKPkKeeHFOOiZ9vxhXGVg,164369297,nydiavelazquez,,
W000798,MI,Republican,Tim Walberg,https://walberg.house.gov,RepWalberg,237862972.0,RepWalberg,W000798,RepWalberg,RepWalberg,UChpf3_3Wn8f3qSJbsYXrhvg,237862972,RepWalberg,repwalberg,
W000797,FL,Democrat,Debbie Wasserman Schultz,https://wassermanschultz.house.gov,RepDWStweets,1140648348.0,RepDWS,W000797,RepDWStweets,RepDWS,UCfHQiJVvMlYbVAxrMSLdO4w,1140648348,RepWassermanSchultz,RepDWSTweets,
W000187,CA,Democrat,Maxine Waters,https://waters.house.gov,RepMaxineWaters,36686040.0,MaxineWaters,W000187,RepMaxineWaters,MaxineWaters,UCOQ2js1VYFlo74n7Ns8WsLQ,36686040,MaxineWaters,repmaxinewaters,
W000806,FL,Republican,Daniel Webster,https://webster.house.gov,RepWebster,281540744.0,RepWebster,W000806,RepWebster,RepWebster,UCCoX4VdU7U11eGEA0lbRtLw,281540744,repdanwebster,,
W000800,VT,Democrat,Peter Welch,https://www.welch.senate.gov,PeterWelch,1410590874.0,PeterWelch,W000800,PeterWelch,PeterWelch,UC0YfApJx6qNaAQ-ir93U8xA,1410590874,reppeterwelch,reppeterwelch,1559860900.0
W000795,SC,Republican,Joe Wilson,https://joewilson.house.gov,RepJoeWilson,254082173.0,JoeWilson,W000795,RepJoeWilson,JoeWilson,UC3aR1B8m7Z1uycO65yDnpCg,254082173,RepJoeWilson,repjoewilson,519685522.0
W000808,FL,Democrat,Frederica S. Wilson,https://wilson.house.gov,RepWilson,234014087.0,RepWilson,W000808,RepWilson,RepWilson,UCP5QBhng_lHv-vJgE_h7lpA,234014087,repfredericawilson,repwilson,
W000804,VA,Republican,Robert J. Wittman,https://wittman.house.gov,RobWittman,15356407.0,RepRobWittman,W000804,RobWittman,RepRobWittman,UCIqIb-OaTbkIdU426eYIdPg,15356407,RobWittman,reprobwittman,
W000809,AR,Republican,Steve Womack,https://womack.house.gov,Rep_SteveWomack,234469322.0,RepSteveWomack,W000809,Rep_SteveWomack,RepSteveWomack,UCXJbUDLYX-wGIhRuN66hqZw,234469322,CongressmanWomack,rep_stevewomack,
W000779,OR,Democrat,Ron Wyden,https://www.wyden.senate.gov,RonWyden,250188760.0,senatorronwyden,W000779,RonWyden,senatorronwyden,UCsd3UEaoLoqX60P88BdpGGw,250188760,senronwyden,ronwyden,9443881.0
Y000064,IN,Republican,Todd Young,https://www.young.senate.gov,SenToddYoung,234128524.0,SenatorToddYoung,Y000064,SenToddYoung,SenatorToddYoung,UCuknj4PGn91gHDNAfboZEgQ,234128524,RepToddYoung,sentoddyoung,
A000369,NV,Republican,Mark E. Amodei,https://amodei.house.gov,MarkAmodeiNV2,402719755.0,MarkAmodeiNV2,A000369,MarkAmodeiNV2,MarkAmodeiNV2,UCjOGx2iqSn1r3BQxaVgYhYw,402719755,markamodeinv2,MarkAmodeiNV2,
B001278,OR,Democrat,Suzanne Bonamici,https://bonamici.house.gov,RepBonamici,558769636.0,congresswomanbonamici,B001278,RepBonamici,congresswomanbonamici,UC0IkAeEiwgzSRTD1TDSvuBw,558769636,RepSuzanneBonamici,RepBonamici,
D000617,WA,Democrat,Suzan K. DelBene,https://delbene.house.gov,RepDelBene,995193054.0,RepDelBene,D000617,RepDelBene,RepDelBene,UCd00b7TpKDZIr-Ujhaktvjg,995193054,,repdelbene,
M001184,KY,Republican,Thomas Massie,https://massie.house.gov,RepThomasMassie,975200486.0,RepThomasMassie,M001184,RepThomasMassie,RepThomasMassie,UCpmXOtvvXC3GE8o9VxYNK7g,975200486,repthomasmassie,repthomasmassie,
S001194,HI,Democrat,Brian Schatz,https://www.schatz.senate.gov,SenBrianSchatz,1262099252.0,SenBrianSchatz,S001194,SenBrianSchatz,SenBrianSchatz,UC8-mSYp2WqBiB_5iwtwKfow,1262099252,senbrianschatz,senbrianschatz,
F000454,IL,Democrat,Bill Foster,https://foster.house.gov,RepBillFoster,1080509366.0,CongressmanBillFoster,F000454,RepBillFoster,CongressmanBillFoster,UCicixINQr_-3cFHI2bJzFpQ,1080509366,RepBillFoster,,
T000468,NV,Democrat,Dina Titus,https://titus.house.gov,RepDinaTitus,122174004.0,CongresswomanTitus,T000468,RepDinaTitus,CongresswomanTitus,UC_US4jNqECuMSNrB7yVCbbw,122174004,CongresswomanTitus,dinatitusnv,1110185253.0
C001095,AR,Republican,Tom Cotton,https://www.cotton.senate.gov,SenTomCotton,968650362.0,SenatorTomCotton,C001095,SenTomCotton,SenatorTomCotton,UCXEk6mokWBajIpNatbjnwSg,968650362,RepTomCotton,,
L000578,CA,Republican,Doug LaMalfa,https://lamalfa.house.gov,RepLaMalfa,1069124515.0,RepLaMalfa,L000578,RepLaMalfa,RepLaMalfa,UCUzz1XDn862fxirervSB2Yw,1069124515,RepLaMalfa,repdouglamalfa,
H001068,CA,Democrat,Jared Huffman,https://huffman.house.gov,RepHuffman,1071102246.0,RepHuffman,H001068,RepHuffman,RepHuffman,UCJU6SP1ppp1ZhSiqZLiFgDA,1071102246,rephuffman,rephuffman,
B001287,CA,Democrat,Ami Bera,https://bera.house.gov,RepBera,950783972.0,RepAmiBera,B001287,RepBera,RepAmiBera,UClJCTCo53Zk6b4kUL-bbdzg,950783972,repamibera,repbera,
S001193,CA,Democrat,Eric Swalwell,https://swalwell.house.gov,RepSwalwell,942156122.0,CongressmanEricSwalwell,S001193,RepSwalwell,CongressmanEricSwalwell,UCKvwsFNGD4sDkE_9g-2ft0w,942156122,ericswalwell,repswalwell,338799200.0
B001285,CA,Democrat,Julia Brownley,https://juliabrownley.house.gov,RepBrownley,1243902714.0,RepJuliaBrownley,B001285,RepBrownley,RepJuliaBrownley,UCFrC4Ouk5R6xQztS9PZin_A,1243902714,RepJuliaBrownley,RepBrownley,
R000599,CA,Democrat,Raul Ruiz,https://ruiz.house.gov,RepRaulRuizMD,1089859058.0,CongressmanRaulRuizMD,R000599,RepRaulRuizMD,CongressmanRaulRuizMD,UCSDk-cyNPCo1iy6rweSPmBw,1089859058,repraulruiz,,
T000472,CA,Democrat,Mark Takano,https://takano.house.gov,RepMarkTakano,1037321378.0,RepMarkTakano,T000472,RepMarkTakano,RepMarkTakano,UCJg4F1irmSFeKoXZBaZbX2w,1037321378,RepMarkTakano,repmarktakano,
V000130,CA,Democrat,Juan Vargas,https://vargas.house.gov,RepJuanVargas,1260172386.0,RepJuanVargas,V000130,RepJuanVargas,RepJuanVargas,UCpMthf8y7bEMJH_td0dznRQ,1260172386,RepJuanVargas,repjuanvargas,
P000608,CA,Democrat,Scott H. Peters,https://scottpeters.house.gov,RepScottPeters,1135486501.0,RepScottPeters,P000608,RepScottPeters,RepScottPeters,UCQK77QJxW7Xr-S3zqeMd-0g,1135486501,,repscottpeters,
F000462,FL,Democrat,Lois Frankel,https://frankel.house.gov,RepLoisFrankel,1077121945.0,RepLoisFrankel,F000462,RepLoisFrankel,RepLoisFrankel,UCEk5viAhxaW_2OK20-yBwzQ,1077121945,reploisfrankel,reploisfrankel,
D000622,IL,Democrat,Tammy Duckworth,https://www.duckworth.senate.gov,SenDuckworth,1058520120.0,SenDuckworth,D000622,SenDuckworth,SenDuckworth,UCYRWRvUxtjaHnFMCbdd94tg,1058520120,repduckworth,SenDuckworth,1387939090.0
B001282,KY,Republican,Andy Barr,https://barr.house.gov,RepAndyBarr,1089334250.0,RepAndyBarr,B001282,RepAndyBarr,RepAndyBarr,UCVL2s6x7f7H0ZJ-uwU0pQ6Q,1089334250,RepAndyBarr,RepAndyBarr,
W000817,MA,Democrat,Elizabeth Warren,https://www.warren.senate.gov,SenWarren,970207298.0,senatorelizabethwarren,W000817,SenWarren,senatorelizabethwarren,UCTH9zV8Imw09J5bOoTR18_A,970207298,senelizabethwarren,senwarren,
K000383,ME,Independent,"Angus S. King, Jr.",https://www.king.senate.gov,SenAngusKing,1068481578.0,SenatorAngusSKingJr,K000383,SenAngusKing,SenatorAngusSKingJr,UCpp6lGvrmt0XU_lnD4Ak0gA,1068481578,SenatorAngusKing,,
W000812,MO,Republican,Ann Wagner,https://wagner.house.gov,RepAnnWagner,1051446626.0,RepAnnWagner,W000812,RepAnnWagner,RepAnnWagner,UCy2v2DXXvQnbRc8Zx77Dnsg,1051446626,,repannwagner,
D000618,MT,Republican,Steve Daines,https://www.daines.senate.gov,SteveDaines,11651202.0,SteveDainesMT,D000618,SteveDaines,SteveDainesMT,UC-ny-W5mEUGytiyMdXbQ20Q,11651202,SteveDainesMT,stevedaines,371125857.0
H001067,NC,Republican,Richard Hudson,https://hudson.house.gov,RepRichHudson,935033864.0,RepRichHudson,H001067,RepRichHudson,RepRichHudson,UC9Q1qCvnQR7rHERjTjJl5Pg,935033864,RepRichHudson,,
C001096,ND,Republican,Kevin Cramer,https://www.cramer.senate.gov,SenKevinCramer,1048784496.0,CongressmanKevinCramer,C001096,SenKevinCramer,CongressmanKevinCramer,UCqUPdO9XaAW-dvwwXKbIVdA,1048784496,kevincramer,repkevincramer,
F000463,NE,Republican,Deb Fischer,https://www.fischer.senate.gov,SenatorFischer,1071402577.0,senatordebfischer,F000463,SenatorFischer,senatordebfischer,UCrbEfZaG_WhB0PBHI1hefPQ,1071402577,senatordebfischer,senatorfischer,
M001188,NY,Democrat,Grace Meng,https://meng.house.gov,RepGraceMeng,1051127714.0,repgracemeng,M001188,RepGraceMeng,repgracemeng,UCHg516zJKbIBtXFAJ0nu3XQ,1051127714,,,
J000294,NY,Democrat,Hakeem S. Jeffries,https://jeffries.house.gov,RepJeffries,467823431.0,RepHakeemJeffries,J000294,RepJeffries,RepHakeemJeffries,UCYVmbsjoNbQ4j-PCQIYgpWQ,467823431,,repjeffries,
B001281,OH,Democrat,Joyce Beatty,https://beatty.house.gov,RepBeatty,1531521632.0,RepJoyceBeatty,B001281,RepBeatty,RepJoyceBeatty,UCtVl3kb7Xvt3pY7l6x-M6LA,1531521632,,repbeatty,554027718.0
J000295,OH,Republican,David P. Joyce,https://joyce.house.gov,RepDaveJoyce,976969338.0,RepDaveJoyce,J000295,RepDaveJoyce,RepDaveJoyce,UCTu9xz2VYk-jtQv0TVsLyYA,976969338,repdavejoyce,repdavejoyce,360743678.0
M001190,OK,Republican,Markwayne Mullin,https://www.mullin.senate.gov,SenMullin,1060370282.0,RepMullin,M001190,SenMullin,RepMullin,UCLQlm-cbGbJj9baZC6oFsag,1060370282,,senmullin,
P000605,PA,Republican,Scott Perry,https://perry.house.gov,RepScottPerry,18773159.0,repscottperry,P000605,RepScottPerry,repscottperry,UCzgrU5PT_HHRgf5hXPen4dQ,18773159,RepScottPerry,repscottperry,519463466.0
C001098,TX,Republican,Ted Cruz,https://www.cruz.senate.gov,SenTedCruz,1074480192.0,SenatorTedCruz,C001098,SenTedCruz,SenatorTedCruz,UCOTZ-6H1rri1lSsj6IzhUyw,1074480192,sentedcruz,sentedcruz,
W000814,TX,Republican,"Randy K. Weber, Sr.",https://weber.house.gov,TXRandy14,1058051748.0,TXRandy14,W000814,TXRandy14,TXRandy14,UCJSZRrAcd5i1bHLjR66PZdg,1058051748,TXRandy14,TXRandy14,
C001091,TX,Democrat,Joaquin Castro,https://castro.house.gov,JoaquinCastrotx,231510077.0,326420614138023,C001091,JoaquinCastrotx,326420614138023,UCsRxWnFdRiV2od1O5v5nEeQ,231510077,JoaquinCastroTX,joaquincastrotx,378492005.0
W000816,TX,Republican,Roger Williams,https://williams.house.gov,RepRWilliams,1077446982.0,RepRogerWilliams,W000816,RepRWilliams,RepRogerWilliams,UCBtfmMMQarjtLB9U_pWMOhw,1077446982,,,
V000131,TX,Democrat,Marc A. Veasey,https://veasey.house.gov,RepVeasey,1074129612.0,CongressmanMarcVeasey,V000131,RepVeasey,CongressmanMarcVeasey,UC2CRp1KF5uljZyhDRPR-72Q,1074129612,marcveasey,repveasey,676925345.0
K000384,VA,Democrat,Tim Kaine,https://www.kaine.senate.gov,,,SenatorKaine,K000384,,SenatorKaine,UC27LgTZlUnBQoNEQFZdn9LA,,SenatorTimKaine,sentimkaine,
P000607,WI,Democrat,Mark Pocan,https://pocan.house.gov,RepMarkPocan,1206227149.0,repmarkpocan,P000607,RepMarkPocan,repmarkpocan,UCz5b47WER_u3dUGV_Zi70dQ,1206227149,repmarkpocan,repmarkpocan,1422301608.0
K000385,IL,Democrat,Robin L. Kelly,https://robinkelly.house.gov,RepRobinKelly,1339931490.0,reprobinkelly,K000385,RepRobinKelly,reprobinkelly,UCLhcNPX2nNQLNzwKW0nEykg,1339931490,,reprobinkelly,
S001195,MO,Republican,Jason Smith,https://jasonsmith.house.gov,RepJasonSmith,1623308912.0,repjasonsmith,S001195,RepJasonSmith,repjasonsmith,UCzj9-27Lr4gcqopmZAobXXg,1623308912,RepJasonSmith,,
B001288,NJ,Democrat,Cory A. Booker,https://www.booker.senate.gov,SenBooker,2167097881.0,SenatorCoryBooker,B001288,SenBooker,SenatorCoryBooker,UC6FlymqNS1VettnVZa7goPA,2167097881,SenCoryBooker,corybooker,
C001101,MA,Democrat,Katherine M. Clark,https://katherineclark.house.gov,RepKClark,2293131060.0,CongresswomanClark,C001101,RepKClark,CongresswomanClark,UCgaI52w7QKI8LtkSeCCmSuw,2293131060,,repkclark,
N000188,NJ,Democrat,Donald Norcross,https://norcross.house.gov,DonaldNorcross,3122099613.0,DonaldNorcrossNJ,N000188,DonaldNorcross,DonaldNorcrossNJ,UC7kXK_PyDiOT8YrdP0jYZHw,3122099613,,donald_norcross,
A000370,NC,Democrat,Alma S. Adams,https://adams.house.gov,RepAdams,2916086925.0,CongresswomanAdams,A000370,RepAdams,CongresswomanAdams,UCPI9ao1Cr1nxEUD2r-usRjQ,2916086925,,repadams,
P000609,AL,Republican,Gary J. Palmer,https://palmer.house.gov,USRepGaryPalmer,2861616083.0,CongressmanGaryPalmer,P000609,USRepGaryPalmer,CongressmanGaryPalmer,UCYZfP-cNIvlJY3AcAc9OPpQ,2861616083,,repgarypalmer,1551536636.0
H001072,AR,Republican,J. French Hill,https://hill.house.gov,RepFrenchHill,2953974395.0,RepFrenchHill,H001072,RepFrenchHill,RepFrenchHill,UCT8uWroJtkwSsCJlVg0IKvQ,2953974395,,repfrenchhill,
W000821,AR,Republican,Bruce Westerman,https://westerman.house.gov,RepWesterman,2852998461.0,RepWesterman,W000821,RepWesterman,RepWesterman,UCNshPbmupCwP5a7Hi79jETQ,2852998461,,,
G000574,AZ,Democrat,Ruben Gallego,https://www.gallego.senate.gov,RepRubenGallego,2966570782.0,RepRubenGallego,G000574,RepRubenGallego,RepRubenGallego,,2966570782,,reprubengallego,
D000623,CA,Democrat,Mark DeSaulnier,https://desaulnier.house.gov,RepDeSaulnier,2968007206.0,RepMarkDeSaulnier,D000623,RepDeSaulnier,RepMarkDeSaulnier,,2968007206,,repdesaulnier,
A000371,CA,Democrat,Pete Aguilar,https://aguilar.house.gov,RepPeteAguilar,3018670151.0,reppeteaguilar,A000371,RepPeteAguilar,reppeteaguilar,UCxwbFLOlKDsXrwizV5jah7g,3018670151,,,
L000582,CA,Democrat,Ted Lieu,https://lieu.house.gov,RepTedLieu,3044993235.0,RepTedLieu,L000582,RepTedLieu,RepTedLieu,UC9qcJxTqfDNBnVul1IojlFg,3044993235,,RepTedLieu,
T000474,CA,Democrat,Norma J. Torres,https://torres.house.gov,NormaJTorres,236279233.0,RepNormaTorres,T000474,NormaJTorres,RepNormaTorres,UCvWY4qKP6--o3pIJY7hhKDg,236279233,,repnormatorres,
C001103,GA,Republican,"Earl L. ""Buddy"" Carter",https://buddycarter.house.gov,RepBuddyCarter,2973870195.0,congressmanbuddycarter,C001103,RepBuddyCarter,congressmanbuddycarter,UCHQm49T6ikD_ioMAt50AwKQ,2973870195,,repbuddycarter,
L000583,GA,Republican,Barry Loudermilk,https://loudermilk.house.gov,RepLoudermilk,2914163523.0,reploudermilk,L000583,RepLoudermilk,reploudermilk,UC2Kfw8fjca8k3w3KpzL5tNg,2914163523,,RepLoudermilk,
A000372,GA,Republican,Rick W. Allen,https://allen.house.gov,RepRickAllen,2964287128.0,CongressmanRickAllen,A000372,RepRickAllen,CongressmanRickAllen,UCZPoYXHFDAV17BGLMzGAmpg,2964287128,,Rep_RickAllen,1666787116.0
B001295,IL,Republican,Mike Bost,https://bost.house.gov,RepBost,2964877294.0,RepBost,B001295,RepBost,RepBost,UCYA1psY06vSf3QadHuCrmjQ,2964877294,,,
M001196,MA,Democrat,Seth Moulton,https://moulton.house.gov,RepMoulton,3091316093.0,CongressmanSethMoulton,M001196,RepMoulton,CongressmanSethMoulton,UC5w5qn7nj5Ljy69LTV7a_fQ,3091316093,,repmoulton,
M001194,MI,Republican,John R. Moolenaar,https://moolenaar.house.gov,RepMoolenaar,2696643955.0,RepMoolenaar,M001194,RepMoolenaar,RepMoolenaar,UCnMvVN4a8roZu4crE0UW2DA,2696643955,,RepMoolenaar,
D000624,MI,Democrat,Debbie Dingell,https://debbiedingell.house.gov,RepDebDingell,2970279814.0,RepDebbieDingell,D000624,RepDebDingell,RepDebbieDingell,UCnoP3KLT-HOvzDfC1-I-9lQ,2970279814,,repdingell,
E000294,MN,Republican,Tom Emmer,https://emmer.house.gov,RepTomEmmer,2914515430.0,reptomemmer,E000294,RepTomEmmer,reptomemmer,,2914515430,RepTomEmmer,reptomemmer,1565640999.0
R000603,NC,Republican,David Rouzer,https://rouzer.house.gov,RepDavidRouzer,834069080.0,RepRouzer,R000603,RepDavidRouzer,RepRouzer,UCBvOxpqoGi1HlHjX9v_gHZw,834069080,,repdavidrouzer,
W000822,NJ,Democrat,Bonnie Watson Coleman,https://watsoncoleman.house.gov,RepBonnie,2968451607.0,RepBonnie,W000822,RepBonnie,RepBonnie,UCrxEaX0VKZKwg3930du2D5A,2968451607,,repbonnie,
S001196,NY,Republican,Elise M. Stefanik,https://stefanik.house.gov,RepStefanik,2962813893.0,RepEliseStefanik,S001196,RepStefanik,RepEliseStefanik,UCHvf42C8Vw6QnjwO2L2ukKA,2962813893,,repstefanik,
B001296,PA,Democrat,Brendan F. Boyle,https://boyle.house.gov,CongBoyle,4304448314.0,CongressmanBoyle,B001296,CongBoyle,CongressmanBoyle,UCMP_Anj7lz4eZuSh8GwFqQQ,4304448314,,,
B001291,TX,Republican,Brian Babin,https://babin.house.gov,RepBrianBabin,2929491549.0,RepBrianBabin,B001291,RepBrianBabin,RepBrianBabin,UCPVEZgw-VbDRbLV1MRGVQNQ,2929491549,,,
B001292,VA,Democrat,"Donald S. Beyer, Jr.",https://beyer.house.gov,RepDonBeyer,2962868158.0,RepDonBeyer,B001292,RepDonBeyer,RepDonBeyer,UCPJGVbOVcAVGiBwq8qr_T9w,2962868158,,repdonbeyer,
P000610,VI,Democrat,Stacey E. Plaskett,https://plaskett.house.gov,StaceyPlaskett,2724095695.0,repstaceyplaskett,P000610,StaceyPlaskett,repstaceyplaskett,UC3V7biFZHDFHDFZy6cCSZUA,2724095695,,stacey_plaskett,
N000189,WA,Republican,Dan Newhouse,https://newhouse.house.gov,RepNewhouse,2930635215.0,RepNewhouse,N000189,RepNewhouse,RepNewhouse,UCllbsv_aoIaPS6W3aSonZlw,2930635215,,repnewhouse,
G000576,WI,Republican,Glenn Grothman,https://grothman.house.gov,RepGrothman,2976606250.0,RepGrothman,G000576,RepGrothman,RepGrothman,UCui4k83Cot4aeVW_8T33fgg,2976606250,,repglenngrothman,
R000600,AS,Republican,Aumua Amata Coleman Radewagen,https://radewagen.house.gov,RepAmata,3026622545.0,aumuaamata,R000600,RepAmata,aumuaamata,UCGdrLQbt1PYDTPsampx4t1A,3026622545,,,
S001198,AK,Republican,Dan Sullivan,https://www.sullivan.senate.gov,SenDanSullivan,2891210047.0,SenDanSullivan,S001198,SenDanSullivan,SenDanSullivan,UC7tXCm8gKlAhTFo2kuf5ylw,2891210047,,sen_dansullivan,1660873387.0
E000295,IA,Republican,Joni Ernst,https://www.ernst.senate.gov,SenJoniErnst,2856787757.0,senjoniernst,E000295,SenJoniErnst,senjoniernst,UCLwrmtF_84FIcK3TyMs4MIw,2856787757,,senjoniernst,1582702853.0
T000476,NC,Republican,Thom Tillis,https://www.tillis.senate.gov,SenThomTillis,2964174789.0,SenatorThomTillis,T000476,SenThomTillis,SenatorThomTillis,UCUD9VGV4SSGWjGdbn37Ea2w,2964174789,,senthomtillis,
R000605,SD,Republican,Mike Rounds,https://www.rounds.senate.gov,SenatorRounds,2955485182.0,SenatorMikeRounds,R000605,SenatorRounds,SenatorMikeRounds,UC-pvzimyBdpdkcIfsicrfrQ,2955485182,,senatorrounds,
K000388,MS,Republican,Trent Kelly,https://trentkelly.house.gov,RepTrentKelly,3317799825.0,reptrentkelly,K000388,RepTrentKelly,reptrentkelly,UCtDrz-8tdg4ZgOAQHToSWaQ,3317799825,,reptrentkelly,
L000585,IL,Republican,Darin LaHood,https://lahood.house.gov,RepLaHood,3686482216.0,replahood,L000585,RepLaHood,replahood,UCVRbtFwaBGcixZIkygtalRw,3686482216,,,
D000626,OH,Republican,Warren Davidson,https://davidson.house.gov,WarrenDavidson,7.427355302873047e+17,CongressmanWarrenDavidson,D000626,WarrenDavidson,CongressmanWarrenDavidson,UCMzuyZWzk44YRNesFzPTeUw,742735530287304704,,instawarrendavidson,
C001108,KY,Republican,James Comer,https://comer.house.gov,RepJamesComer,1.2748527942063882e+18,congressmancomer,C001108,RepJamesComer,congressmancomer,,1274852794206388225,,congressmancomer,
E000296,PA,Democrat,Dwight Evans,https://evans.house.gov,RepDwightEvans,90639372.0,RepDwightEvans,E000296,RepDwightEvans,RepDwightEvans,,90639372,,repdwightevans,
K000393,LA,Republican,John Kennedy,https://www.kennedy.senate.gov/public,SenJohnKennedy,8.166832740766147e+17,JohnKennedyLouisiana,K000393,SenJohnKennedy,JohnKennedyLouisiana,,816683274076614656,UCDgjkA5Y_npoxeUiSW18JZQ,SenJohnKennedy,
H001076,NH,Democrat,Margaret Wood Hassan,https://www.hassan.senate.gov,SenatorHassan,946549322.0,SenatorHassan,H001076,SenatorHassan,SenatorHassan,,946549322,,senatorhassan,
C001113,NV,Democrat,Catherine Cortez Masto,https://www.cortezmasto.senate.gov,SenCortezMasto,8.113135657601638e+17,SenatorCortezMasto,C001113,SenCortezMasto,SenatorCortezMasto,UCip_83SiKUqwnUT57VOXrCg,811313565760163844,,sencortezmasto,
S001190,IL,Democrat,Bradley Scott Schneider,https://schneider.house.gov,RepSchneider,1071840474.0,CongressmanBradSchneider,S001190,RepSchneider,CongressmanBradSchneider,,1071840474,RepBradSchneider,repschneider,
B001302,AZ,Republican,Andy Biggs,https://biggs.house.gov,RepAndyBiggsAZ,8.166526166251684e+17,RepAndyBiggs,B001302,RepAndyBiggsAZ,RepAndyBiggs,UCqSq9kWOxk9yNTeILBCVC1w,816652616625168388,,repandybiggs,
K000389,CA,Democrat,Ro Khanna,https://khanna.house.gov,RepRoKhanna,8.162989184682598e+17,RepRoKhanna,K000389,RepRoKhanna,RepRoKhanna,UCr4KOYv1o1oEQhy1jhhm3pQ,816298918468259841,,reprokhanna,
P000613,CA,Democrat,Jimmy Panetta,https://panetta.house.gov,RepJimmyPanetta,7.967366125541171e+17,RepJimmyPanetta,P000613,RepJimmyPanetta,RepJimmyPanetta,UCmw-aERG51C96edMDPN7fXQ,796736612554117120,,repjimmypanetta,
C001112,CA,Democrat,Salud O. Carbajal,https://carbajal.house.gov,RepCarbajal,8.161576678823731e+17,repsaludcarbajal,C001112,RepCarbajal,repsaludcarbajal,,816157667882373120,repcarbajal,repcarbajal,
B001300,CA,Democrat,Nanette Diaz Barragán,https://barragan.house.gov,RepBarragan,8.168339254567895e+17,CongresswomanBarragan,B001300,RepBarragan,CongresswomanBarragan,,816833925456789505,,repbarragan,
C001110,CA,Democrat,J. Luis Correa,https://correa.house.gov,RepLouCorrea,8.159850394858373e+17,RepLouCorrea,C001110,RepLouCorrea,RepLouCorrea,UCIKJJp4QJIDjnjodc23qKkw,815985039485837312,,reploucorrea,
B001303,DE,Democrat,Lisa Blunt Rochester,https://www.bluntrochester.senate.gov,RepLBR,8.170502190073283e+17,Rep.BluntRochester,B001303,RepLBR,Rep.BluntRochester,,817050219007328258,,senlbr,
D000628,FL,Republican,Neal P. Dunn,https://dunn.house.gov,DrNealDunnFL2,8.15952318487298e+17,drnealdunnfl2,D000628,DrNealDunnFL2,drnealdunnfl2,UCRTGfrYP-RuDzJ2KGok7TRA,815952318487298048,,,
R000609,FL,Republican,John H. Rutherford,https://rutherford.house.gov,RepRutherfordFL,8.289772165958492e+17,RepRutherfordFL,R000609,RepRutherfordFL,RepRutherfordFL,,828977216595849216,Reprutherfordfl,reprutherfordfl,
S001200,FL,Democrat,Darren Soto,https://soto.house.gov,RepDarrenSoto,8.187134656530514e+17,CongressmanDarrenSoto,S001200,RepDarrenSoto,CongressmanDarrenSoto,,818713465653051392,repdarrensoto,RepDarrenSoto,
M001199,FL,Republican,Brian J. Mast,https://mast.house.gov,RepBrianMast,8.141039504042394e+17,repbrianmast,M001199,RepBrianMast,repbrianmast,,814103950404239360,repbrianmast,RepBrianMast,
K000391,IL,Democrat,Raja Krishnamoorthi,https://krishnamoorthi.house.gov,CongressmanRaja,8.141790319564882e+17,congressmanraja,K000391,CongressmanRaja,congressmanraja,,814179031956488192,,congressmanraja,
B001299,IN,Republican,Jim Banks,https://www.banks.senate.gov,RepJimBanks,8.161313190339502e+17,RepJimBanks,B001299,RepJimBanks,RepJimBanks,UC_FR6TySW9uxvhjozkis6Xg,816131319033950208,,repjimbanks,
M001198,KS,Republican,Roger Marshall,https://www.marshall.senate.gov,SenatorMarshall,1.336344005588738e+18,RogerMarshallMD,M001198,SenatorMarshall,RogerMarshallMD,,1336344005588738052,UCR3nOFMqBB-kRpKFwgapMaQ,senrogermarshall,
H001077,LA,Republican,Clay Higgins,https://clayhiggins.house.gov,RepClayHiggins,8.436369705386189e+17,CongressmanClayHiggins,H001077,RepClayHiggins,CongressmanClayHiggins,,843636970538618880,,RepClayHiggins,
J000299,LA,Republican,Mike Johnson,https://mikejohnson.house.gov,RepMikeJohnson,8.272797652875592e+17,RepMikeJohnson,J000299,RepMikeJohnson,RepMikeJohnson,UCzqBEpeIaDEfvAtsA53Fx2Q,827279765287559171,,RepMikeJohnson,
R000606,MD,Democrat,Jamie Raskin,https://raskin.house.gov,RepRaskin,8.069063552148521e+17,repraskin,R000606,RepRaskin,repraskin,UChxDE6vho5BfBTOqiBsDmKg,806906355214852096,,repraskin,
B001301,MI,Republican,Jack Bergman,https://bergman.house.gov,RepJackBergman,8.152416121544172e+17,RepJackBergman,B001301,RepJackBergman,RepJackBergman,,815241612154417152,RepJackBergman,RepJackBergman,
B001305,NC,Republican,Ted Budd,https://www.budd.senate.gov,RepTedBudd,8.171384926145249e+17,RepTedBudd,B001305,RepTedBudd,RepTedBudd,,817138492614524928,@sentedbudd,sentedbudd,
B001298,NE,Republican,Don Bacon,https://bacon.house.gov,RepDonBacon,8.189751244603351e+17,RepDonBacon,B001298,RepDonBacon,RepDonBacon,UCR9abI1lZzAZ6HwQXc-dLFQ,818975124460335106,,RepDonBacon,
G000583,NJ,Democrat,Josh Gottheimer,https://gottheimer.house.gov,RepJoshG,8.15310506596692e+17,RepJoshG,G000583,RepJoshG,RepJoshG,,815310506596691968,,RepJoshG,
R000608,NV,Democrat,Jacky Rosen,https://www.rosen.senate.gov,SenJackyRosen,8.18554054309716e+17,RepJackyRosen,R000608,SenJackyRosen,RepJackyRosen,,818554054309715969,,repjackyrosen,
E000297,NY,Democrat,Adriano Espaillat,https://espaillat.house.gov,RepEspaillat,8.17076257770836e+17,RepEspaillat,E000297,RepEspaillat,RepEspaillat,UCi0niBYFhEY70Dz8InbX5OQ,817076257770835968,,repadrianoespaillat,
F000466,PA,Republican,Brian K. Fitzpatrick,https://fitzpatrick.house.gov,RepBrianFitz,8.163032635869143e+17,repbrianfitzpatrick,F000466,RepBrianFitz,repbrianfitzpatrick,UCYMNcgHss4_Q5JY2vSvMpgw,816303263586914304,,repbrianfitz,
S001199,PA,Republican,Lloyd Smucker,https://smucker.house.gov,RepSmucker,41417564.0,RepSmucker,S001199,RepSmucker,RepSmucker,UCs5iMvWy-oTHyf5HuwB7FCg,41417564,,,
K000392,TN,Republican,David Kustoff,https://kustoff.house.gov,RepDavidKustoff,8.160121245059318e+17,RepDavidKustoff,K000392,RepDavidKustoff,RepDavidKustoff,UCK6U4plOKKMrCjv_h59spGQ,816012124505931780,,repdavidkustoff,
G000581,TX,Democrat,Vicente Gonzalez,https://gonzalez.house.gov,RepGonzalez,8.185361525882388e+17,USCongressmanVicenteGonzalez,G000581,RepGonzalez,USCongressmanVicenteGonzalez,UC5H6oYLKQ_xIXO5CG7fh4hw,818536152588238849,,repvicentegonzaleztx,
A000375,TX,Republican,Jodey C. Arrington,https://arrington.house.gov,RepArrington,8.162846646588744e+17,JodeyArrington,A000375,RepArrington,JodeyArrington,,816284664658874368,UC3lif8TFPOe-tJ2-pE4Rp7Q,repjodeyarrington,
J000298,WA,Democrat,Pramila Jayapal,https://jayapal.house.gov,RepJayapal,8.157332909551124e+17,RepJayapal,J000298,RepJayapal,RepJayapal,UCmyD0_-2Oowkfwc_Raghclw,815733290955112448,,repjayapal,
E000298,KS,Republican,Ron Estes,https://estes.house.gov,RepRonEstes,8.547150711168492e+17,RepRonEstes,E000298,RepRonEstes,RepRonEstes,UC2clc28qcehIqotHQcthnWA,854715071116849157,,RepRonEstes,
N000190,SC,Republican,Ralph Norman,https://norman.house.gov,RepRalphNorman,8.804806311086449e+17,RepRalphNorman,N000190,RepRalphNorman,RepRalphNorman,,880480631108644864,UCVVIZjUpGRB1pgQGDBVBU8Q,repralphnorman,
G000585,CA,Democrat,Jimmy Gomez,https://gomez.house.gov,RepJimmyGomez,2371339658.0,RepJimmyGomez,G000585,RepJimmyGomez,RepJimmyGomez,,2371339658,UCOmm091WM6D01xTdzsWNvbQ,repjimmygomez,
C001114,UT,Republican,John R. Curtis,https://www.curtis.senate.gov,RepJohnCurtis,9.316144830504141e+17,RepJohnCurtis,C001114,RepJohnCurtis,RepJohnCurtis,UChAQ4MD-HigmGnImSoAKBVA,931614483050414080,,repjohncurtis,
S001203,MN,Democrat,Tina Smith,https://www.smith.senate.gov,SenTinaSmith,9.410006862753874e+17,USSenTinaSmith,S001203,SenTinaSmith,USSenTinaSmith,,941000686275387392,,senatortinasmith,
H001079,MS,Republican,Cindy Hyde-Smith,https://www.hydesmith.senate.gov,SenHydeSmith,9.833482519728169e+17,SenatorCindyHydeSmith,H001079,SenHydeSmith,SenatorCindyHydeSmith,UCJHxkJhGST0NTlkzJHWV03Q,983348251972816896,,sencindyhydesmith,
C001115,TX,Republican,Michael Cloud,https://cloud.house.gov,RepCloudTX,1.0398796584001126e+18,RepCloudTX,C001115,RepCloudTX,RepCloudTX,,1039879658400112640,RepCloudTX,repcloudtx,
B001306,OH,Republican,Troy Balderson,https://balderson.house.gov,RepBalderson,1.0373415365923103e+18,RepTroyBalderson,B001306,RepBalderson,RepTroyBalderson,,1037341536592310272,UCm6vJzx-mu4Xr56FnQKRz0w,,
H001082,OK,Republican,Kevin Hern,https://hern.house.gov,repkevinhern,1.0678185391790244e+18,repkevinhern,H001082,repkevinhern,repkevinhern,,1067818539179024386,UC9XRRGCgGOEtEOwUAo1rYZg,,
M001206,NY,Democrat,Joseph D. Morelle,https://morelle.house.gov,RepJoeMorelle,1.064595993222615e+18,RepJoeMorelle,M001206,RepJoeMorelle,RepJoeMorelle,,1064595993222615040,,,
S001205,PA,Democrat,Mary Gay Scanlon,https://scanlon.house.gov,RepMGS,1.0675412146715771e+18,repmgs,S001205,RepMGS,repmgs,,1067541214671577093,,repmgs,
C001055,HI,Democrat,Ed Case,https://case.house.gov,RepEdCase,1.0813505745898332e+18,RepEdCase,C001055,RepEdCase,RepEdCase,,1081350574589833221,RepEdCase,repedcase,
H001066,NV,Democrat,Steven Horsford,https://horsford.house.gov,RepHorsford,389840566.0,,H001066,RepHorsford,,,389840566,UCNEpy5bPXiyAavRzYnPlhDQ,rephorsford,
S001211,AZ,Democrat,Greg Stanton,https://stanton.house.gov,RepGregStanton,1.0808850784257843e+18,repgregstanton,S001211,RepGregStanton,repgregstanton,,1080885078425784320,,repgregstanton,
H001090,CA,Democrat,Josh Harder,https://harder.house.gov,RepJoshHarder,1.0808511521519534e+18,,H001090,RepJoshHarder,,,1080851152151953410,,,
L000593,CA,Democrat,Mike Levin,https://levin.house.gov,RepMikeLevin,1.07213413956062e+18,RepMikeLevin,L000593,RepMikeLevin,RepMikeLevin,,1072134139560620033,UCYFDRohyZgoPy5rXOaVZO-A,RepMikeLevin,
N000191,CO,Democrat,Joe Neguse,https://neguse.house.gov,RepJoeNeguse,1.07874980276514e+18,RepJoeNeguse,N000191,RepJoeNeguse,RepJoeNeguse,,1078749802765139968,,,
C001121,CO,Democrat,Jason Crow,https://crow.house.gov,RepJasonCrow,1.0801918665099018e+18,RepJasonCrow,C001121,RepJasonCrow,RepJasonCrow,,1080191866509901826,,,
H001081,CT,Democrat,Jahana Hayes,https://hayes.house.gov,RepJahanaHayes,1.082086081238102e+18,RepJahanaHayes,H001081,RepJahanaHayes,RepJahanaHayes,,1082086081238102018,UCXngpVME5LZjcdXxZQxSDQA,repjahanahayes,
S001214,FL,Republican,W. Gregory Steube,https://steube.house.gov,RepGregSteube,1.0831256496095068e+18,RepGregSteube,S001214,RepGregSteube,RepGregSteube,,1083125649609506816,@RepGregSteube,repgregsteube,
M001208,GA,Democrat,Lucy McBath,https://mcbath.house.gov,RepLucyMcBath,1.0823804589760512e+18,RepLucyMcBath,M001208,RepLucyMcBath,RepLucyMcBath,,1082380458976051202,,replucymcbath,
F000469,ID,Republican,Russ Fulcher,https://fulcher.house.gov,RepRussFulcher,1.0787418995722404e+18,RepRussFulcher,F000469,RepRussFulcher,RepRussFulcher,,1078741899572240384,UCx2AS0O5frzPB8D6TqJ3Mqg,RepRussFulcher,
G000586,IL,Democrat,"Jesús G. ""Chuy"" García",https://chuygarcia.house.gov,RepChuyGarcia,1.0824277795835412e+18,RepChuyGarcia,G000586,RepChuyGarcia,RepChuyGarcia,,1082427779583541248,,,
C001117,IL,Democrat,Sean Casten,https://casten.house.gov,RepCasten,1.0834722860893962e+18,RepSeanCasten,C001117,RepCasten,RepSeanCasten,,1083472286089396224,,repseancasten,
U000040,IL,Democrat,Lauren Underwood,https://underwood.house.gov,RepUnderwood,1.0805394385084006e+18,,U000040,RepUnderwood,,,1080539438508400642,,,
B001307,IN,Republican,James R. Baird,https://baird.house.gov,RepJimBaird,1.0863164944500326e+18,RepJimBaird,B001307,RepJimBaird,RepJimBaird,,1086316494450032640,UCAe6fGhotC9J9tR_QONYzFA,,
D000629,KS,Democrat,Sharice Davids,https://davids.house.gov,RepDavids,1.0805161163954995e+18,,D000629,RepDavids,,,1080516116395499522,,,
T000482,MA,Democrat,Lori Trahan,https://trahan.house.gov,RepLoriTrahan,1.0798024826400195e+18,reploritrahan,T000482,RepLoriTrahan,reploritrahan,,1079802482640019456,UCsRXg0BmoS4Rkjz-pqX1PmQ,reploritrahan,
P000617,MA,Democrat,Ayanna Pressley,https://pressley.house.gov,RepPressley,1.0805842295101727e+18,RepAyannaPressley,P000617,RepPressley,RepAyannaPressley,,1080584229510172678,UCkhjut8oXdxN7HGg5eRT9Fw,RepAyannaPressley,
S001208,MI,Democrat,Elissa Slotkin,https://www.slotkin.senate.gov,RepSlotkin,1.0784014273478574e+18,SenElissaSlotkin,S001208,RepSlotkin,SenElissaSlotkin,,1078401427347857408,,senslotkin,
S001215,MI,Democrat,Haley M. Stevens,https://stevens.house.gov,RepHaleyStevens,1.0761616110339686e+18,RepHaleyStevens,S001215,RepHaleyStevens,RepHaleyStevens,,1076161611033968640,,,
T000481,MI,Democrat,Rashida Tlaib,https://tlaib.house.gov,RepRashida,1.0797695367301407e+18,RepRashida,T000481,RepRashida,RepRashida,,1079769536730140672,UCl5GK07sD5TZIhKcsDNSExA,reprashida,
C001119,MN,Democrat,Angie Craig,https://craig.house.gov,RepAngieCraig,1.0802223606434857e+18,RepAngieCraig,C001119,RepAngieCraig,RepAngieCraig,,1080222360643485698,,,
O000173,MN,Democrat,Ilhan Omar,https://omar.house.gov,Ilhan,1.0823343527117906e+18,,O000173,Ilhan,,,1082334352711790593,,,
S001212,MN,Republican,Pete Stauber,https://stauber.house.gov,RepPeteStauber,1.0758305990075105e+18,RepPeteStauber,S001212,RepPeteStauber,RepPeteStauber,,1075830599007510535,,,
G000591,MS,Republican,Michael Guest,https://guest.house.gov,RepMichaelGuest,1.0812434683270185e+18,RepMichaelGuest,G000591,RepMichaelGuest,RepMichaelGuest,,1081243468327018496,,,
P000614,NH,Democrat,Chris Pappas,https://pappas.house.gov,RepChrisPappas,1.0677486504854979e+18,,P000614,RepChrisPappas,,,1067748650485497862,,,
V000133,NJ,Republican,Jefferson Van Drew,https://vandrew.house.gov,Congressman_JVD,1.4686770995946988e+18,CongressmanJVD,V000133,Congressman_JVD,CongressmanJVD,,1468677099594698757,UCc5AGO_bQLeiv313Bbr35fg,jeffvandrew,
K000394,NJ,Democrat,Andy Kim,https://www.kim.senate.gov,,,SenatorAndyKim,K000394,,SenatorAndyKim,,,,SenatorAndyKim,
S001207,NJ,Democrat,Mikie Sherrill,https://sherrill.house.gov,RepSherrill,1.0805696985368781e+18,RepMikieSherrill,S001207,RepSherrill,RepMikieSherrill,,1080569698536878081,,,
L000590,NV,Democrat,Susie Lee,https://susielee.house.gov,RepSusieLee,1.0790615799734395e+18,RepSusieLee,L000590,RepSusieLee,RepSusieLee,,1079061579973439488,,repsusielee,
O000172,NY,Democrat,Alexandria Ocasio-Cortez,https://ocasio-cortez.house.gov,RepAOC,1.0791045632805274e+18,repaoc,O000172,RepAOC,repaoc,,1079104563280527364,,,
D000631,PA,Democrat,Madeleine Dean,https://dean.house.gov,RepDean,567508925.0,RepMadeleineDean,D000631,RepDean,RepMadeleineDean,,567508925,UCHj4veUyhPzzOW-Jvn7MqUg,repmadeleinedean,
H001085,PA,Democrat,Chrissy Houlahan,https://houlahan.house.gov,RepHoulahan,1.0528966207974605e+18,RepChrissyHoulahan,H001085,RepHoulahan,RepChrissyHoulahan,,1052896620797460481,UCGydnnhsUZqFBscmcWcT-zQ,repchrissyhoulahan,
M001204,PA,Republican,Daniel Meuser,https://meuser.house.gov,RepMeuser,1.0805747936305275e+18,RepMeuser,M001204,RepMeuser,RepMeuser,,1080574793630527505,,,
J000302,PA,Republican,John Joyce,https://johnjoyce.house.gov,RepJohnJoyce,1.082311988926124e+18,,J000302,RepJohnJoyce,,,1082311988926124036,,,
R000610,PA,Republican,Guy Reschenthaler,https://reschenthaler.house.gov,GReschenthaler,4205133682.0,GReschenthaler,R000610,GReschenthaler,GReschenthaler,,4205133682,RepGuyReschenthaler,greschenthaler,
T000480,SC,Republican,William R. Timmons IV,https://timmons.house.gov,RepTimmons,1.0797708523029586e+18,reptimmons,T000480,RepTimmons,reptimmons,,1079770852302958592,,reptimmons,
J000301,SD,Republican,Dusty Johnson,https://dustyjohnson.house.gov,RepDustyJohnson,1.0747823725944136e+18,,J000301,RepDustyJohnson,,,1074782372594413569,,,
B001309,TN,Republican,Tim Burchett,https://burchett.house.gov,RepTimBurchett,1.0288548040874926e+18,,B001309,RepTimBurchett,,,1028854804087492613,,,
R000612,TN,Republican,John W. Rose,https://johnrose.house.gov,RepJohnRose,1.0813123100592538e+18,repjohnrose,R000612,RepJohnRose,repjohnrose,,1081312310059253763,,,
C001120,TX,Republican,Dan Crenshaw,https://crenshaw.house.gov,RepDanCrenshaw,1.0808949313114317e+18,RepDanCrenshaw,C001120,RepDanCrenshaw,RepDanCrenshaw,,1080894931311431682,UC2XDiCjAHtJqnSEzrHAY5IQ,dancrenshawtx,
G000589,TX,Republican,Lance Gooden,https://gooden.house.gov,,,,G000589,,,,,UCaEs0pYlL_1cLlPBHfl0RIg,,
F000468,TX,Democrat,Lizzie Fletcher,https://fletcher.house.gov,RepFletcher,1.0759043772217221e+18,RepFletcher,F000468,RepFletcher,RepFletcher,,1075904377221722113,UCIWDLoDPvawP118TNWi-9rg,repfletcher,
E000299,TX,Democrat,Veronica Escobar,https://escobar.house.gov,RepEscobar,1.0755178065511547e+18,RepEscobar,E000299,RepEscobar,RepEscobar,,1075517806551154689,UC46TX2P8K0CA_4gZv8_R2Og,repescobar,
R000614,TX,Republican,Chip Roy,https://roy.house.gov,RepChipRoy,1.0827906002929254e+18,,R000614,RepChipRoy,,,1082790600292925440,,,
G000587,TX,Democrat,Sylvia R. Garcia,https://sylviagarcia.house.gov,RepSylviaGarcia,1.0805872631327334e+18,RepSylviaGarcia,G000587,RepSylviaGarcia,RepSylviaGarcia,,1080587263132733442,,,
C001118,VA,Republican,Ben Cline,https://cline.house.gov,RepBenCline,1.0721583572371743e+18,RepBenCline,C001118,RepBenCline,RepBenCline,,1072158357237174272,@congressmanbencline8000,repbencline,
S001216,WA,Democrat,Kim Schrier,https://schrier.house.gov,RepKimSchrier,1.080462532815532e+18,repkimschrier,S001216,RepKimSchrier,repkimschrier,,1080462532815532032,,,
S001213,WI,Republican,Bryan Steil,https://steil.house.gov,RepBryanSteil,1.07520569162172e+18,,S001213,RepBryanSteil,,,1075205691621720064,,,
M001205,WV,Republican,Carol D. Miller,https://miller.house.gov,RepCarolMiller,1.0813187165734707e+18,RepCarolMiller,M001205,RepCarolMiller,RepCarolMiller,,1081318716573470720,,,
S001217,FL,Republican,Rick Scott,https://www.rickscott.senate.gov,SenRickScott,131546062.0,RickScottSenOffice,S001217,SenRickScott,RickScottSenOffice,UC-Y9pFmW4PYGZHkC8lcqSkQ,131546062,,flsenrickscott,
H001089,MO,Republican,Josh Hawley,https://www.hawley.senate.gov,SenHawleyPress,1.080960924687704e+18,SenatorHawley,H001089,SenHawleyPress,SenatorHawley,,1080960924687704064,UCMzt8xq6qQ3XQ_DlNfJx0-w,senatorhawley,
G000592,ME,Democrat,Jared F. Golden,https://golden.house.gov,RepGolden,1.0808916673082982e+18,,G000592,RepGolden,,,1080891667308298240,,,
M001210,NC,Republican,Gregory F. Murphy,https://murphy.house.gov,RepGregMurphy,1.1739780705350246e+18,RepGregMurphy,M001210,RepGregMurphy,RepGregMurphy,,1173978070535024642,,repgregmurphy,
M000687,MD,Democrat,Kweisi Mfume,https://mfume.house.gov,RepKweisiMfume,1.2762097023224381e+18,RepKweisiMfume,M000687,RepKweisiMfume,RepKweisiMfume,,1276209702322438148,UCbE6PJy-4U0DxosEW2TBQRA,repkweisimfume,
T000165,WI,Republican,Thomas P. Tiffany,https://tiffany.house.gov,RepTiffany,1.2678410663356826e+18,RepTiffany,T000165,RepTiffany,RepTiffany,,1267841066335682562,,,
K000377,AZ,Democrat,Mark Kelly,https://www.kelly.senate.gov,SenMarkKelly,1.3249262748888883e+18,SenMarkKelly,K000377,SenMarkKelly,SenMarkKelly,,1324926274888888320,SenMarkKelly,senmarkkelly,
L000571,WY,Republican,Cynthia M. Lummis,https://www.lummis.senate.gov,SenLummis,22831059.0,sencynthialummis,L000571,SenLummis,sencynthialummis,,22831059,,sencynthialummis,
I000056,CA,Republican,Darrell Issa,https://issa.house.gov,repdarrellissa,63650107.0,congressmandarrellissa,I000056,repdarrellissa,congressmandarrellissa,,63650107,,,
S000250,TX,Republican,Pete Sessions,https://sessions.house.gov,PeteSessions,24735461.0,petesessions,S000250,PeteSessions,petesessions,,24735461,@congressmanpetesessions,congressmanpetesessions,
V000129,CA,Republican,David G. Valadao,https://valadao.house.gov,RepDavidValadao,1128514404.0,CongressmanDavidValadao,V000129,RepDavidValadao,CongressmanDavidValadao,,1128514404,,,
T000278,AL,Republican,Tommy Tuberville,https://www.tuberville.senate.gov,SenTuberville,1.3457391937214874e+18,RogerMarshallMD,T000278,SenTuberville,RogerMarshallMD,,1345739193721487362,,sentuberville,
H000273,CO,Democrat,John W. Hickenlooper,https://www.hickenlooper.senate.gov,SenatorHick,1.3187283369237873e+18,SenatorHick,H000273,SenatorHick,SenatorHick,,1318728336923787264,UCU6pcq-AZA9wnmIPBj6ePwQ,senatorhick,
H000601,TN,Republican,Bill Hagerty,https://www.hagerty.senate.gov,SenatorHagerty,1.3468736108756541e+18,SenatorBillHagerty,H000601,SenatorHagerty,SenatorBillHagerty,,1346873610875654147,UCqLlLx05ScUwxVHvevyaDFg,senatorhagerty,
M001212,AL,Republican,Barry Moore,https://barrymoore.house.gov,RepBarryMoore,1.3390060786888253e+18,RepBarryMoore,M001212,RepBarryMoore,RepBarryMoore,,1339006078688825344,,,
O000019,CA,Republican,Jay Obernolte,https://obernolte.house.gov,JayObernolte,272482466.0,,O000019,JayObernolte,,,272482466,,,
K000397,CA,Republican,Young Kim,https://youngkim.house.gov,RepYoungKim,1.3446774014653972e+18,RepYoungKim,K000397,RepYoungKim,RepYoungKim,,1344677401465397249,@RepYoungKim,repyoungkim,
J000305,CA,Democrat,Sara Jacobs,https://sarajacobs.house.gov,RepSaraJacobs,1.3451039058694554e+18,RepSaraJacobs,J000305,RepSaraJacobs,RepSaraJacobs,,1345103905869455361,,repsarajacobs,
B000825,CO,Republican,Lauren Boebert,https://boebert.house.gov,RepBoebert,1.3429897566119076e+18,RepBoebert,B000825,RepBoebert,RepBoebert,,1342989756611907584,,,
C001039,FL,Republican,Kat Cammack,https://cammack.house.gov,RepKatCammack,1.3443256389839872e+18,RepKatCammack,C001039,RepKatCammack,RepKatCammack,,1344325638983987201,,repkatcammack,
F000472,FL,Republican,Scott Franklin,https://franklin.house.gov,RepFranklin,1.3436647213843988e+18,RepFranklin,F000472,RepFranklin,RepFranklin,,1343664721384398849,@RepFranklin,RepFranklin,
D000032,FL,Republican,Byron Donalds,https://donalds.house.gov,RepDonaldsPress,1.3439686460502835e+18,,D000032,RepDonaldsPress,,,1343968646050283522,UCjy0W7sksMz37IYY27tAZNQ,byrondonalds,
G000593,FL,Republican,Carlos A. Gimenez,https://gimenez.house.gov,RepCarlos,1.3436791950341038e+18,RepCarlosGimenez,G000593,RepCarlos,RepCarlosGimenez,,1343679195034103808,,repcarlosfl,
S000168,FL,Republican,Maria Elvira Salazar,https://salazar.house.gov,RepMariaSalazar,1.325928411689349e+18,RepMariaSalazar,S000168,RepMariaSalazar,RepMariaSalazar,,1325928411689349120,,repmariasalazar,
W000788,GA,Democrat,Nikema Williams,https://nikemawilliams.house.gov,RepNikema,1.3454617973615043e+18,RepNikemaWilliams,W000788,RepNikema,RepNikemaWilliams,,1345461797361504259,,repnikema,
C001116,GA,Republican,Andrew S. Clyde,https://clyde.house.gov,Rep_Clyde,1.3570173615686943e+18,RepresentativeClyde,C001116,Rep_Clyde,RepresentativeClyde,,1357017361568694274,UC-o-UOnLuu8pZxZpShG4s7A,repclyde,
G000596,GA,Republican,Marjorie Taylor Greene,https://greene.house.gov,RepMTG,1.3443565767868662e+18,RepMTGreene,G000596,RepMTG,RepMTGreene,,1344356576786866176,,repmtg,
H001091,IA,Republican,Ashley Hinson,https://hinson.house.gov,RepAshleyHinson,1.3407833043044106e+18,RepAshleyHinson,H001091,RepAshleyHinson,RepAshleyHinson,,1340783304304410625,,,
M001215,IA,Republican,Mariannette Miller-Meeks,https://millermeeks.house.gov,RepMMM,1.345807954604413e+18,RepMMM,M001215,RepMMM,RepMMM,,1345807954604412929,,,
F000446,IA,Republican,Randy Feenstra,https://feenstra.house.gov,RepFeenstra,1.3451353637618524e+18,repfeenstra,F000446,RepFeenstra,repfeenstra,,1345135363761852416,,,
M001211,IL,Republican,Mary E. Miller,https://marymiller.house.gov,RepMaryMiller,1.3436566359071252e+18,RepMaryMiller,M001211,RepMaryMiller,RepMaryMiller,,1343656635907125250,,,
M001214,IN,Democrat,Frank J. Mrvan,https://mrvan.house.gov,RepMrvan,1.3462050460363776e+18,RepMrvan,M001214,RepMrvan,RepMrvan,,1346205046036377601,,,
S000929,IN,Republican,Victoria Spartz,https://spartz.house.gov,RepSpartz,1.3448452014796636e+18,RepSpartz,S000929,RepSpartz,RepSpartz,,1344845201479663621,,,
M000871,KS,Republican,Tracey Mann,https://mann.house.gov,RepMann,1.345825008887722e+18,Congressman-Tracey-Mann-105522931489227,M000871,RepMann,Congressman-Tracey-Mann-105522931489227,,1345825008887721986,,reptraceymann,
A000148,MA,Democrat,Jake Auchincloss,https://auchincloss.house.gov,RepAuchincloss,1.330278736554582e+18,RepAuchincloss,A000148,RepAuchincloss,RepAuchincloss,,1330278736554582016,RepAuchincloss,,
M001136,MI,Republican,Lisa C. McClain,https://mcclain.house.gov,RepLisaMcClain,1.3440322924324372e+18,RepLisaMcClain,M001136,RepLisaMcClain,RepLisaMcClain,,1344032292432437248,,replisamcclain,
F000470,MN,Republican,Michelle Fischbach,https://fischbach.house.gov,RepFischbach,1.3443752874847232e+18,repfischbach,F000470,RepFischbach,repfischbach,,1344375287484723205,UCAxs5zhFdAkGbkRnuC3osDw,repfischbach,
R000305,NC,Democrat,Deborah K. Ross,https://ross.house.gov,RepDeborahRoss,1.348683154815656e+18,RepDeborahRoss,R000305,RepDeborahRoss,RepDeborahRoss,,1348683154815655940,,repdeborahross,
L000273,NM,Democrat,Teresa Leger Fernandez,https://fernandez.house.gov,RepTeresaLF,1.3451478459266703e+18,RepTeresaLF,L000273,RepTeresaLF,RepTeresaLF,,1345147845926670337,@rep.teresalegerfernandez8059,repteresalf,
G000597,NY,Republican,Andrew R. Garbarino,https://garbarino.house.gov,RepGarbarino,1.3443496504474337e+18,RepAndrewGarbarino,G000597,RepGarbarino,RepAndrewGarbarino,,1344349650447433729,,,
M000317,NY,Republican,Nicole Malliotakis,https://malliotakis.house.gov,RepMalliotakis,1.3447505880269005e+18,RepNicole,M000317,RepMalliotakis,RepNicole,,1344750588026900481,,,
T000486,NY,Democrat,Ritchie Torres,https://ritchietorres.house.gov,RepRitchie,1.2764037572245463e+18,RepRitchie,T000486,RepRitchie,RepRitchie,,1276403757224546304,@RepRitchie,repritchie,
B000740,OK,Republican,Stephanie I. Bice,https://bice.house.gov,RepBice,1.3442601962275553e+18,RepStephanieBice,B000740,RepBice,RepStephanieBice,,1344260196227555334,,,
B000668,OR,Republican,Cliff Bentz,https://bentz.house.gov,RepBentz,1.3457888659116564e+18,RepBentz,B000668,RepBentz,RepBentz,,1345788865911656454,,repbentz,
M000194,SC,Republican,Nancy Mace,https://mace.house.gov,RepNancyMace,1.343597700542038e+18,RepNancyMace,M000194,RepNancyMace,RepNancyMace,,1343597700542038017,,repnancymace,
H001086,TN,Republican,Diana Harshbarger,https://harshbarger.house.gov,RepHarshbarger,1.3457872851791626e+18,RepDianaHarshbarger,H001086,RepHarshbarger,RepDianaHarshbarger,,1345787285179162624,,,
F000246,TX,Republican,Pat Fallon,https://fallon.house.gov,RepPatFallon,1.3432580427045274e+18,RepPatFallon,F000246,RepPatFallon,RepPatFallon,,1343258042704527362,RepPatFallon,RepPatFallon,
P000048,TX,Republican,August Pfluger,https://pfluger.house.gov,RepPfluger,1.341120751399809e+18,RepAugustPfluger,P000048,RepPfluger,RepAugustPfluger,,1341120751399809026,UC8bJT16wpa7co50ELvpMTTg,repaugustpfluger,
J000304,TX,Republican,Ronny Jackson,https://jackson.house.gov,RepRonnyJackson,1.3419034656106865e+18,RepRonnyJackson,J000304,RepRonnyJackson,RepRonnyJackson,,1341903465610686464,,RepRonnyJackson,
N000026,TX,Republican,Troy E. Nehls,https://nehls.house.gov,RepTroyNehls,1.3473182888508252e+18,RepTroyNehls,N000026,RepTroyNehls,RepTroyNehls,,1347318288850825217,,reptroynehls,
G000594,TX,Republican,Tony Gonzales,https://gonzales.house.gov,RepTonyGonzales,1.343627416120533e+18,RepTonyGonzales,G000594,RepTonyGonzales,RepTonyGonzales,,1343627416120532992,,,
V000134,TX,Republican,Beth Van Duyne,https://vanduyne.house.gov,RepBethVanDuyne,1.3396332593497457e+18,RepBethVanDuyne,V000134,RepBethVanDuyne,RepBethVanDuyne,,1339633259349745670,,repbethvanduyne,
M001213,UT,Republican,Blake D. Moore,https://blakemoore.house.gov,RepBlakeMoore,1.3374525960935875e+18,RepBlakeMoore,M001213,RepBlakeMoore,RepBlakeMoore,,1337452596093587462,@RepBlakeMoore,repblakemoore,
O000086,UT,Republican,Burgess Owens,https://owens.house.gov,RepBurgessOwens,1.3444812176856924e+18,CongressmanBurgessOwens,O000086,RepBurgessOwens,CongressmanBurgessOwens,,1344481217685692416,UCxeB7xjbLDJM9Yw6brXsX6Q,repburgessowens,
S001159,WA,Democrat,Marilyn Strickland,https://strickland.house.gov,RepStricklandWA,1.3436465459552133e+18,RepStricklandWA,S001159,RepStricklandWA,RepStricklandWA,,1343646545955213312,,repstricklandwa,
F000471,WI,Republican,Scott Fitzgerald,https://fitzgerald.house.gov,RepFitzgerald,1004891731.0,CongressmanScottFitzgerald,F000471,RepFitzgerald,CongressmanScottFitzgerald,,1004891731,,,
P000145,CA,Democrat,Alex Padilla,https://www.padilla.senate.gov,SenAlexPadilla,1.3512362677076541e+18,SenAlexPadilla,P000145,SenAlexPadilla,SenAlexPadilla,,1351236267707654145,,SenAlexPadilla,
O000174,GA,Democrat,Jon Ossoff,https://www.ossoff.senate.gov,SenOssoff,1.3567142658944082e+18,SenOssoff,O000174,SenOssoff,SenOssoff,,1356714265894408196,,jonossoff,
W000790,GA,Democrat,Raphael G. Warnock,https://www.warnock.senate.gov,SenatorWarnock,1.3522879978536223e+18,SenatorWarnock,W000790,SenatorWarnock,SenatorWarnock,,1352287997853622273,senatorwarnock,,
T000478,NY,Republican,Claudia Tenney,https://tenney.house.gov,RepTenney,7.972010484904305e+17,RepClaudiaTenney,T000478,RepTenney,RepClaudiaTenney,,797201048490430465,,,
L000595,LA,Republican,Julia Letlow,https://letlow.house.gov,RepJuliaLetlow,1.382395679700439e+18,repjulialetlow,L000595,RepJuliaLetlow,repjulialetlow,,1382395679700439041,,,
C001125,LA,Democrat,Troy A. Carter,https://troycarter.house.gov,RepTroyCarter,1.3527603042712412e+18,RepTroyCarter,C001125,RepTroyCarter,RepTroyCarter,,1352760304271241218,,,
S001218,NM,Democrat,Melanie A. Stansbury,https://stansbury.house.gov,Rep_Stansbury,1.4045199925829427e+18,RepStansbury,S001218,Rep_Stansbury,RepStansbury,,1404519992582942724,,,
E000071,TX,Republican,Jake Ellzey,https://ellzey.house.gov,RepEllzey,1.3665238682534584e+18,RepJakeEllzey,E000071,RepEllzey,RepJakeEllzey,,1366523868253458437,,,
B001313,OH,Democrat,Shontel M. Brown,https://shontelbrown.house.gov,RepShontelBrown,1.4563810915987005e+18,RepShontelBrown,B001313,RepShontelBrown,RepShontelBrown,,1456381091598700556,,,
C001126,OH,Republican,Mike Carey,https://carey.house.gov,RepMikeCarey,1.457745193197781e+18,RepMikeCarey,C001126,RepMikeCarey,RepMikeCarey,,1457745193197780993,@congressmanmikecarey,,
C001127,FL,Democrat,Sheila Cherfilus-McCormick,https://cherfilus-mccormick.house.gov,,,congresswomanSCM,C001127,,congresswomanSCM,,,,,
F000474,NE,Republican,Mike Flood,https://flood.house.gov,USRepMikeFlood,,Congressman-Mike-Flood-101986952582058,F000474,USRepMikeFlood,Congressman-Mike-Flood-101986952582058,,,,,
F000475,MN,Republican,Brad Finstad,https://finstad.house.gov,RepFinstad,,RepFinstad,F000475,RepFinstad,RepFinstad,,,@repfinstad,repfinstad,
R000579,NY,Democrat,Patrick Ryan,https://patryan.house.gov,RepPatRyanNY,1.5694008491300495e+18,,R000579,RepPatRyanNY,,,1569400849130049537,,,
Y000067,IN,Republican,Rudy Yakym III,https://yakym.house.gov,RepRudyYakym,1.6056656328586076e+18,RepRudyYakym,Y000067,RepRudyYakym,RepRudyYakym,,1605665632858607617,,,
Z000018,MT,Republican,Ryan K. Zinke,https://zinke.house.gov,RepRyanZinke,,RepRyanZinke,Z000018,RepRyanZinke,RepRyanZinke,,,,RepRyanZinke,
B001319,AL,Republican,Katie Boyd Britt,https://www.britt.senate.gov,SenKatieBritt,,senkatiebritt,B001319,SenKatieBritt,senkatiebritt,,,UCbrYQF8n5ftTPqn8ZNo5vYw,senkatiebritt,
S001227,MO,Republican,Eric Schmitt,https://www.schmitt.senate.gov,SenEricSchmitt,,116059838031776,S001227,SenEricSchmitt,116059838031776,,,@senericschmitt,senericschmitt,
F000479,PA,Democrat,John Fetterman,https://www.fetterman.senate.gov,,,SenFettermanPA,F000479,,SenFettermanPA,,,,senfettermanpa,
S001220,AL,Republican,Dale W. Strong,https://strong.house.gov,RepDaleStrong,,repdalestrong,S001220,RepDaleStrong,repdalestrong,,,,repdalestrong,
C001132,AZ,Republican,Elijah Crane,https://crane.house.gov,RepEliCrane,1.6088912059027948e+18,100088851021670,C001132,RepEliCrane,100088851021670,,1608891205902794753,@rep.elicrane,,
C001133,AZ,Republican,Juan Ciscomani,https://ciscomani.house.gov,RepCiscomani,1.6035309705937756e+18,100089186535085,C001133,RepCiscomani,100089186535085,,1603530970593775616,UCD329AYGX7YnMMSUaTKWHwA,repjuanciscomani,
K000401,CA,Republican,Kevin Kiley,https://kiley.house.gov,RepKiley,1.6103569614758093e+18,100089382125341,K000401,RepKiley,100089382125341,,1610356961475809280,@repkevinkiley,,
M001225,CA,Democrat,Kevin Mullin,https://kevinmullin.house.gov,RepKevinMullin,1.610411994888409e+18,CongressmanKevinMullin,M001225,RepKevinMullin,CongressmanKevinMullin,,1610411994888409088,UCAenuXjUZagZyD4HQL7_2ZA,repkevinmullin,
K000400,CA,Democrat,Sydney Kamlager-Dove,https://kamlager-dove.house.gov,RepKamlagerDove,,RepKamlagerDove,K000400,RepKamlagerDove,RepKamlagerDove,,,,rep_kamlagerdove,
G000598,CA,Democrat,Robert Garcia,https://robertgarcia.house.gov,RepRobertGarcia,1.6027921958780477e+18,reprobertgarcia,G000598,RepRobertGarcia,reprobertgarcia,,1602792195878047744,,RepRobertGarcia,
P000620,CO,Democrat,Brittany Pettersen,https://pettersen.house.gov,reppettersen,,repbrittanypettersen,P000620,reppettersen,repbrittanypettersen,,,,reppettersen,
B001314,FL,Republican,Aaron Bean,https://bean.house.gov,RepAaronBean,1.60492755008136e+18,100089355874563,B001314,RepAaronBean,100089355874563,,1604927550081359875,,RepAaronBean,
M001216,FL,Republican,Cory Mills,https://mills.house.gov,RepMillsPress,,100089218152197,M001216,RepMillsPress,100089218152197,,,,repcorymills,
F000476,FL,Democrat,Maxwell Frost,https://frost.house.gov,RepMaxwellFrost,1.608494113174823e+18,RepMaxwellFrost,F000476,RepMaxwellFrost,RepMaxwellFrost,,1608494113174822925,,RepMaxwellFrost,
L000596,FL,Republican,Anna Paulina Luna,https://luna.house.gov,RepLuna,1.6102308352899236e+18,,L000596,RepLuna,,,1610230835289923584,@RepLuna,repluna,
L000597,FL,Republican,Laurel M. Lee,https://laurellee.house.gov,RepLaurelLee,1.608230657796227e+18,RepLaurelLee,L000597,RepLaurelLee,RepLaurelLee,,1608230657796227072,,replaurellee,
M001217,FL,Democrat,Jared Moskowitz,https://moskowitz.house.gov,RepMoskowitz,1.61000902774383e+18,RepMoskowitz,M001217,RepMoskowitz,RepMoskowitz,,1610009027743830018,@RepMoskowitz,repmoskowitz,
M001218,GA,Republican,Richard McCormick,https://mccormick.house.gov,RepMcCormick,1.6106894839297802e+18,100089135203690,M001218,RepMcCormick,100089135203690,,1610689483929780225,,reprichmccormick,
C001129,GA,Republican,Mike Collins,https://collins.house.gov,RepMikeCollins,1.6010307711244083e+18,RepMikeCollinsGA,C001129,RepMikeCollins,RepMikeCollinsGA,,1601030771124408325,,repmikecollins,
M001219,GU,Republican,James C. Moylan,https://moylan.house.gov,JMoylanforGuam,,100089324793869,M001219,JMoylanforGuam,100089324793869,,,,repjamesmoylan,
T000487,HI,Democrat,Jill N. Tokuda,https://tokuda.house.gov,RepJillTokuda,1.6107304775638057e+18,RepJillTokuda,T000487,RepJillTokuda,RepJillTokuda,,1610730477563805699,UCBXwZrEZWQiSXebInVuYuvw,repjilltokuda,
N000193,IA,Republican,Zachary Nunn,https://nunn.house.gov,ZachNunn,1.610323831809364e+18,RepZachNunn,N000193,ZachNunn,RepZachNunn,,1610323831809363971,UCHcM0qd2GQ2CbOHSGZ06rrA,repzachnunn,
J000309,IL,Democrat,Jonathan L. Jackson,https://jonathanjackson.house.gov,,,repjackson,J000309,,repjackson,,,,repjackson,
R000617,IL,Democrat,Delia C. Ramirez,https://ramirez.house.gov,repdeliaramirez,,Repdeliaramirez,R000617,repdeliaramirez,Repdeliaramirez,,,,repdeliaramirez,
B001315,IL,Democrat,Nikki Budzinski,https://budzinski.house.gov,RepNikkiB,1.6034767139959112e+18,RepNikkiBudzinski,B001315,RepNikkiB,RepNikkiBudzinski,,1603476713995911168,UCp0Ykb-qUGx3ekTH9MIEK-w,repnikki,
S001225,IL,Democrat,Eric Sorensen,https://sorensen.house.gov,RepEricSorensen,1.6114417947046748e+18,,S001225,RepEricSorensen,,,1611441794704674828,,repericsorensen,
H001093,IN,Republican,Erin Houchin,https://houchin.house.gov,RepHouchin,1.6036943487255265e+18,RepHouchin,H001093,RepHouchin,RepHouchin,,1603694348725526528,,rephouchin,
M001220,KY,Democrat,Morgan McGarvey,https://mcgarvey.house.gov,RepMcGarvey,1.610300298303787e+18,RepMcGarvey,M001220,RepMcGarvey,RepMcGarvey,,1610300298303787008,,repmcgarvey,
I000058,MD,Democrat,Glenn Ivey,https://ivey.house.gov,RepGlennIvey,1.6101116938366648e+18,RepGlennIvey,I000058,RepGlennIvey,RepGlennIvey,,1610111693836664834,,repglennivey,
S001221,MI,Democrat,Hillary J. Scholten,https://scholten.house.gov,RepScholten,,100089476625799,S001221,RepScholten,100089476625799,,,,RepScholten,
J000307,MI,Republican,John James,https://james.house.gov,RepJames,,RepJohnJames,J000307,RepJames,RepJohnJames,,,@RepJohnJames,RepJohnJames,
T000488,MI,Democrat,Shri Thanedar,https://thanedar.house.gov,RepShriThanedar,1.6107192752658022e+18,CongressmanShriThanedar,T000488,RepShriThanedar,CongressmanShriThanedar,,1610719275265802253,,RepShriThanedar,
A000379,MO,Republican,Mark Alford,https://alford.house.gov,RepMarkAlford,,100089595940547,A000379,RepMarkAlford,100089595940547,,,@RepAlford,RepMarkAlford,
B001316,MO,Republican,Eric Burlison,https://burlison.house.gov,RepEricBurlison,1.6063425947655905e+18,100089208900263,B001316,RepEricBurlison,100089208900263,,1606342594765590528,UCuJFygzYhGiXMZHjhTQy20w,RepEricBurlison,
E000235,MS,Republican,Mike Ezell,https://ezell.house.gov,RepEzell,1.6027880047493448e+18,repezell,E000235,RepEzell,repezell,,1602788004749344768,UCseRXy2_n4j97lndfkQ_hAw,repmikeezell,
D000230,NC,Democrat,Donald G. Davis,https://dondavis.house.gov,RepDonDavis,,RepDonDavis,D000230,RepDonDavis,RepDonDavis,,,,RepDonDavis,
F000477,NC,Democrat,Valerie P. Foushee,https://foushee.house.gov,ValerieFoushee,1.6114711547320607e+18,RepValerieFoushee,F000477,ValerieFoushee,RepValerieFoushee,,1611471154732060692,@RepValerieFoushee,repvaleriefoushee,
E000246,NC,Republican,Chuck Edwards,https://edwards.house.gov,RepEdwards,1.6027480997928796e+18,RepChuckEdwards,E000246,RepEdwards,RepChuckEdwards,,1602748099792879616,,repchuckedwards,
K000398,NJ,Republican,"Thomas H. Kean, Jr.",https://kean.house.gov,CongressmanKean,1.6074227576706417e+18,CongressmanKean,K000398,CongressmanKean,CongressmanKean,,1607422757670641665,,congressmankean,
M001226,NJ,Democrat,Robert Menendez,https://menendez.house.gov,RepMenendez,1.603468242852397e+18,repmenendez,M001226,RepMenendez,repmenendez,,1603468242852397057,,repmenendez,
V000136,NM,Democrat,Gabe Vasquez,https://vasquez.house.gov,RepGabeVasquez,,100089328694464,V000136,RepGabeVasquez,100089328694464,,,,RepGabeVasquez,
L000598,NY,Republican,Nick LaLota,https://lalota.house.gov,RepLaLota,1.5885811251774423e+18,replalota,L000598,RepLaLota,replalota,,1588581125177442305,,replalota,
G000599,NY,Democrat,Daniel S. Goldman,https://goldman.house.gov,RepDanGoldman,1.6100195553713725e+18,RepDanGoldman,G000599,RepDanGoldman,RepDanGoldman,,1610019555371372544,,repdangoldman,
L000599,NY,Republican,Michael Lawler,https://lawler.house.gov,RepMikeLawler,1.5903720470158868e+18,RepMikeLawler,L000599,RepMikeLawler,RepMikeLawler,,1590372047015886853,@RepMikeLawler,RepMikeLawler,
L000600,NY,Republican,Nicholas A. Langworthy,https://langworthy.house.gov,RepLangworthy,,RepLangworthy,L000600,RepLangworthy,RepLangworthy,,,,replangworthy,
L000601,OH,Democrat,Greg Landsman,https://landsman.house.gov,repgreglandsman,,RepGregLandsman,L000601,repgreglandsman,RepGregLandsman,,,,repgreglandsman,
M001222,OH,Republican,Max L. Miller,https://maxmiller.house.gov,repmaxmiller,,CongressmanMaxMiller,M001222,repmaxmiller,CongressmanMaxMiller,,,@RepMaxMiller,repmaxmiller,
S001223,OH,Democrat,Emilia Strong Sykes,https://sykes.house.gov,RepEmiliaSykes,1.6115278357425193e+18,repemiliasykes,S001223,RepEmiliaSykes,repemiliasykes,,1611527835742519297,@repemiliasykes,RepEmiliaSykes,
B001317,OK,Republican,Josh Brecheen,https://brecheen.house.gov,repbrecheen,,100089040632497,B001317,repbrecheen,100089040632497,,,UCSX3nV53o-1-e0nFA6pPs2w,repbrecheen,
H001094,OR,Democrat,Val T. Hoyle,https://hoyle.house.gov,repvalhoyle,1.6128651964894126e+18,repvalhoyle,H001094,repvalhoyle,repvalhoyle,,1612865196489412608,,RepHoyle,
S001226,OR,Democrat,Andrea Salinas,https://salinas.house.gov,repsalinas,,RepSalinas,S001226,repsalinas,RepSalinas,,,,repsalinas,
L000602,PA,Democrat,Summer L. Lee,https://summerlee.house.gov,RepSummerLee,,RepSummerLee,L000602,RepSummerLee,RepSummerLee,,,UCqQJ44qlkVxWV5N12YeacyA,repsummerlee,
D000530,PA,Democrat,Christopher R. Deluzio,https://deluzio.house.gov,RepDeluzio,1.6089343167799214e+18,RepChrisDeluzio,D000530,RepDeluzio,RepChrisDeluzio,,1608934316779921408,,RepDeluzio,
M001223,RI,Democrat,Seth Magaziner,https://magaziner.house.gov,Rep_Magaziner,,repsethmagaziner,M001223,Rep_Magaziner,repsethmagaziner,,,,,
F000478,SC,Republican,Russell Fry,https://fry.house.gov,RepRussellFry,1.603514304354984e+18,reprussellfry,F000478,RepRussellFry,reprussellfry,,1603514304354983941,@reprussellfry,reprussellfry,
O000175,TN,Republican,Andrew Ogles,https://ogles.house.gov,repogles,,RepAndyOgles,O000175,repogles,RepAndyOgles,,,,repandyogles,
M001224,TX,Republican,Nathaniel Moran,https://moran.house.gov,RepNateMoran,,RepNateMoran,M001224,RepNateMoran,RepNateMoran,,,@RepNateMoran,RepNateMoran,
S001224,TX,Republican,Keith Self,https://keithself.house.gov,repkeithself,,repkeithself,S001224,repkeithself,repkeithself,,,,repkeithself,
L000603,TX,Republican,Morgan Luttrell,https://luttrell.house.gov,RepLuttrell,1.6030280434544476e+18,100089328790942,L000603,RepLuttrell,100089328790942,,1603028043454447621,,repluttrelltx,
D000594,TX,Republican,Monica De La Cruz,https://delacruz.house.gov,RepMonicaDLC,,RepMonicaDLC,D000594,RepMonicaDLC,RepMonicaDLC,,,@RepMonicaDLC,RepMonicaDLC,
C001130,TX,Democrat,Jasmine Crockett,https://crockett.house.gov,RepJasmine,1.6099744436311572e+18,RepJasmine,C001130,RepJasmine,RepJasmine,,1609974443631157248,,RepJasmine,
C001131,TX,Democrat,Greg Casar,https://casar.house.gov,RepCasar,1.499512178013057e+18,RepCasar,C001131,RepCasar,RepCasar,,1499512178013057032,,RepCasar,
H001095,TX,Republican,Wesley Hunt,https://hunt.house.gov,RepWesleyHunt,1.6027510017563116e+18,RepWesleyHunt,H001095,RepWesleyHunt,RepWesleyHunt,,1602751001756311556,,repwph,
K000399,VA,Republican,Jennifer A. Kiggans,https://kiggans.house.gov,RepJenKiggans,,repjenkiggans,K000399,RepJenKiggans,repjenkiggans,,,@repjenkiggans,repjenkiggans,
B001318,VT,Democrat,Becca Balint,https://balint.house.gov,RepBeccaB,1.6061151782103654e+18,repbeccab,B001318,RepBeccaB,repbeccab,,1606115178210365448,YouTubeChannelID,repbeccab,
G000600,WA,Democrat,Marie Gluesenkamp Perez,https://gluesenkampperez.house.gov,RepMGP,1.6031278745124536e+18,RepMGP,G000600,RepMGP,RepMGP,,1603127874512453632,@repmgp,repmgp,
V000135,WI,Republican,Derrick Van Orden,https://vanorden.house.gov,RepVanOrden,1.5987780144012698e+18,RepVanOrden,V000135,RepVanOrden,RepVanOrden,,1598778014401269760,,RepVanOrden,
H001096,WY,Republican,Harriet M. Hageman,https://hageman.house.gov,RepHageman,,,H001096,RepHageman,,,,@rephageman,,
R000618,NE,Republican,Pete Ricketts,https://www.ricketts.senate.gov,SenatorRicketts,,SenatorRicketts,R000618,SenatorRicketts,SenatorRicketts,,,@SenatorRicketts,SenatorRicketts,
M001227,VA,Democrat,Jennifer L. McClellan,https://mcclellan.house.gov,RepMcClellan,,,M001227,RepMcClellan,,,,,repmcclellan,
A000380,RI,Democrat,Gabe Amo,https://amo.house.gov,RepGabeAmo,,61553581414066,A000380,RepGabeAmo,61553581414066,,,,repgabeamo,
M001228,UT,Republican,Celeste Maloy,https://maloy.house.gov,RepMaloyUtah,,61555755717517,M001228,RepMaloyUtah,61555755717517,,,@RepCelesteMaloy,RepCelesteMaloy,
S001201,NY,Democrat,Thomas R. Suozzi,https://suozzi.house.gov,reptomsuozzi,,RepTomSuozzi,S001201,reptomsuozzi,RepTomSuozzi,,,,,
K000402,NY,Democrat,Timothy M. Kennedy,https://kennedy.house.gov,reptimkennedy,,reptimkennedy,K000402,reptimkennedy,reptimkennedy,,,@reptimkennedy,reptimkennedy,
F000480,CA,Republican,Vince Fong,https://fong.house.gov,RepVinceFong,,,F000480,RepVinceFong,,,,,repvincefong,
R000619,OH,Republican,Michael A. Rulli,https://rulli.house.gov,,,,,,,,,,,
M001229,NJ,Democrat,LaMonica McIver,https://mciver.house.gov,RepLaMonica,,RepLaMonica,M001229,RepLaMonica,RepLaMonica,,,,replamonica,
W000829,WI,Republican,Tony Wied,https://wied.house.gov,RepTonyWied,,61568624194199,W000829,RepTonyWied,61568624194199,,,,reptonywied,
F000110,LA,Democrat,Cleo Fields,https://fields.house.gov,repfields,,Congressman-Cleo-Fields,F000110,repfields,Congressman-Cleo-Fields,,,,repcleofields_,
S001188,IN,Republican,Marlin A. Stutzman,https://stutzman.house.gov,RepStutzman,,repstutzman,S001188,RepStutzman,repstutzman,,,,repstutzman,
C001123,CA,Democrat,"Gilbert Ray Cisneros, Jr.",https://cisneros.house.gov,,,RepGilCisneros,C001123,,RepGilCisneros,,,,repgilcisneros,
A000382,MD,Democrat,Angela D. Alsobrooks,https://www.alsobrooks.senate.gov,,,SenatorAlsobrooks,A000382,,SenatorAlsobrooks,,,,sen_alsobrooks,
S001232,MT,Republican,Tim Sheehy,https://www.sheehy.senate.gov,,,,,,,,,,,
M001242,OH,Republican,Bernie Moreno,https://www.moreno.senate.gov,berniemoreno,,,M001242,berniemoreno,,,,,Berniemorenoforohio,
M001243,PA,Republican,David McCormick,https://www.mccormick.senate.gov,,,SenMcCormickPA,M001243,,SenMcCormickPA,,,@SenMcCormickPA,senmccormickpa,
B001323,AK,Republican,Nicholas J. Begich III,https://begich.house.gov,repnickbegich,,RepNickBegich,B001323,repnickbegich,RepNickBegich,,,,RepNickBegich,
F000481,AL,Democrat,Shomari Figures,https://figures.house.gov,repscfigures,,congressman.shomari.figures,F000481,repscfigures,congressman.shomari.figures,,,,repscfigures,
A000381,AZ,Democrat,Yassamin Ansari,https://ansari.house.gov,RepYassAnsari,,RepYassAnsari,A000381,RepYassAnsari,RepYassAnsari,,,,RepYassAnsari,
H001098,AZ,Republican,Abraham J. Hamadeh,https://hamadeh.house.gov,,,,,,,,,,,
S001231,CA,Democrat,Lateefah Simon,https://simon.house.gov,RepLSimon,,RepLSimon,S001231,RepLSimon,RepLSimon,,,,RepLSimon,
G000605,CA,Democrat,Adam Gray,https://gray.house.gov,RepAdamGrayCA,,repadamgrayca,G000605,RepAdamGrayCA,repadamgrayca,,,,repadamgrayca,
L000607,CA,Democrat,Sam T. Liccardo,https://liccardo.house.gov,repliccardo,,,L000607,repliccardo,,,,,repliccardo,
W000830,CA,Democrat,George Whitesides,https://whitesides.house.gov,Rep_Whitesides,,repwhitesides,W000830,Rep_Whitesides,repwhitesides,,,,repwhitesides,
R000620,CA,Democrat,Luz M. Rivas,https://rivas.house.gov,RepLuzRivas,,congresswomanluzrivas,R000620,RepLuzRivas,congresswomanluzrivas,,,,RepLuzRivas,
F000483,CA,Democrat,Laura Friedman,https://friedman.house.gov,RepFriedmanCA,,RepLauraFriedman,F000483,RepFriedmanCA,RepLauraFriedman,,,,RepLauraFriedman,
T000491,CA,Democrat,Derek Tran,https://tran.house.gov,,,,,,,,,,,
M001241,CA,Democrat,Dave Min,https://min.house.gov,,,,,,,,,,,
H001100,CO,Republican,Jeff Hurd,https://hurd.house.gov,RepJeffHurd,,61571570223582,H001100,RepJeffHurd,61571570223582,,,@RepJeffHurd03,repjeffhurd,
C001137,CO,Republican,Jeff Crank,https://crank.house.gov,RepJeffCrank,,RepJeffCrank,C001137,RepJeffCrank,RepJeffCrank,,,,repjeffcrank,
E000300,CO,Republican,Gabe Evans,https://gabeevans.house.gov,repgabeevans,,RepGabeEvans,E000300,repgabeevans,RepGabeEvans,,,,RepGabeEvans,
M001238,DE,Democrat,Sarah McBride,https://mcbride.house.gov,,,CongresswomanSarahMcBride,M001238,,CongresswomanSarahMcBride,,,,congresswomansarahmcbride,
H001099,FL,Republican,Mike Haridopolos,https://haridopolos.house.gov,repharidopolos,,,H001099,repharidopolos,,,,,,
J000311,GA,Republican,Brian Jack,https://jack.house.gov,RepBrianJack,,RepBrianJack,J000311,RepBrianJack,RepBrianJack,,,,repbrianjack,
S001229,IN,Republican,Jefferson Shreve,https://shreve.house.gov,repshreve,,RepJeffersonShreve,S001229,repshreve,RepJeffersonShreve,,,,repshreve,
M001233,IN,Republican,Mark B. Messmer,https://messmer.house.gov,,,CongressmanMessmer,M001233,,CongressmanMessmer,,,,HouseRepublicans,
S001228,KS,Republican,Derek Schmidt,https://schmidt.house.gov,repderekschmidt,,repderekschmidt,S001228,repderekschmidt,repderekschmidt,,,,repderekschmidt,
O000176,MD,Democrat,"Johnny Olszewski, Jr.",https://olszewski.house.gov,RepJohnnyO,,,O000176,RepJohnnyO,,,,,repjohnnyo,
E000301,MD,Democrat,Sarah Elfreth,https://elfreth.house.gov,repsarahelfreth,,RepSarahElfreth,E000301,repsarahelfreth,RepSarahElfreth,,,,RepSarahElfreth,
M001232,MD,Democrat,April McClain Delaney,https://mcclaindelaney.house.gov,RepAprilDelaney,,RepAprilDelaney,M001232,RepAprilDelaney,RepAprilDelaney,,,,repaprildelaney,
B001321,MI,Republican,Tom Barrett,https://barrett.house.gov,reptombarrett,,RepTomBarrett,B001321,reptombarrett,RepTomBarrett,,,,,
M001237,MI,Democrat,Kristen McDonald Rivet,https://mcdonaldrivet.house.gov,repkmr,,repmcdonaldrivet,M001237,repkmr,repmcdonaldrivet,,,,repmcdonaldrivet,
M001234,MN,Democrat,Kelly Morrison,https://morrison.house.gov,kellymorrisonmn,,repkellymorrison,M001234,kellymorrisonmn,repkellymorrison,,,,kellymorrisonmn,
B001324,MO,Democrat,Wesley Bell,https://bell.house.gov,RepWesleyBellMO,,61571538239904,B001324,RepWesleyBellMO,61571538239904,,,,,
O000177,MO,Republican,"Robert F. Onder, Jr.",https://onder.house.gov,RepBobOnder,,RepBobOnder,O000177,RepBobOnder,RepBobOnder,,,,repbobonder,
K000404,MP,Republican,Kimberlyn King-Hinds,https://king-hinds.house.gov,RepKimKingHinds,,61571529818077,K000404,RepKimKingHinds,61571529818077,,,,RepKimKingHinds,
D000634,MT,Republican,Troy Downing,https://downing.house.gov,reptroydowning,,reptroydowning,D000634,reptroydowning,reptroydowning,,,,reptroydowning,
M001240,NC,Republican,Addison P. McDowell,https://mcdowell.house.gov,RepMcDowell,,RepMcDowell,M001240,RepMcDowell,RepMcDowell,,,,repmcdowell,
H001102,NC,Republican,Mark Harris,https://markharris.house.gov,RepMarkHarrisNC,,RepMarkHarris,H001102,RepMarkHarrisNC,RepMarkHarris,,,,repmarkharris,
H001101,NC,Republican,Pat Harrigan,https://harrigan.house.gov,RepPatHarrigan,,RepPatHarrigan,H001101,RepPatHarrigan,RepPatHarrigan,,,,RepPatHarrigan,
K000405,NC,Republican,Brad Knott,https://knott.house.gov,RepKnott,,61571474013264,K000405,RepKnott,61571474013264,,,,repknott,
M001236,NC,Republican,Tim Moore,https://timmoore.house.gov,RepTimMooreNC,,CongressmanTimMoore,M001236,RepTimMooreNC,CongressmanTimMoore,,,,reptimmoore,
F000482,ND,Republican,Julie Fedorchak,https://fedorchak.house.gov,RepFedorchak,,RepJulieFedorchak,F000482,RepFedorchak,RepJulieFedorchak,,,,RepJulieFedorchak,
G000604,NH,Democrat,Maggie Goodlander,https://goodlander.house.gov,RepGoodlander,,61571606604866,G000604,RepGoodlander,61571606604866,,,,repgoodlander,
C001136,NJ,Democrat,"Herbert C. Conaway, Jr.",https://conaway.house.gov,RepHerbConaway,,,C001136,RepHerbConaway,,,,,,
P000621,NJ,Democrat,Nellie Pou,https://pou.house.gov,caohouse,,CAOHouseofReps,P000621,caohouse,CAOHouseofReps,,,,housecreativeservices,
G000602,NY,Democrat,Laura Gillen,https://gillen.house.gov,RepLauraGillen,,replauragillen,G000602,RepLauraGillen,replauragillen,,,,replauragillen,
L000606,NY,Democrat,George Latimer,https://latimer.house.gov,RepGLatimer,,61571201977917,L000606,RepGLatimer,61571201977917,,,,repglatimer,
R000622,NY,Democrat,Josh Riley,https://riley.house.gov,,,RepRileyNY,R000622,,RepRileyNY,,,,RepRileyNY,
M001231,NY,Democrat,John W. Mannion,https://mannion.house.gov,JohnMannionNY22,,CongressmanJohnMannion,M001231,JohnMannionNY22,CongressmanJohnMannion,,,,congressmannion,
T000490,OH,Republican,David J. Taylor,https://taylor.house.gov,RepDaveTaylor,,61571224837800,T000490,RepDaveTaylor,61571224837800,,,,repdavetaylor,
D000635,OR,Democrat,Maxine Dexter,https://dexter.house.gov,RepDexterOR,,RepDexterOR,D000635,RepDexterOR,RepDexterOR,,,,repdexteror,
B001326,OR,Democrat,Janelle S. Bynum,https://bynum.house.gov,RepBynum,,repbynum,B001326,RepBynum,repbynum,,,,repbynum,
M001230,PA,Republican,Ryan Mackenzie,https://mackenzie.house.gov,RepMackenzie,,repmackenzie,M001230,RepMackenzie,repmackenzie,,,,RepMackenzie,
B001327,PA,Republican,"Robert P. Bresnahan, Jr.",https://bresnahan.house.gov,RepBresnahan,,RepBresnahan,B001327,RepBresnahan,RepBresnahan,,,,RepBresnahan,
H001103,PR,Democrat,Pablo José Hernández,https://hernandez.house.gov,reppablojose,,61569891687422,H001103,reppablojose,61569891687422,,,,reppablojose,
B001325,SC,Republican,Sheri Biggs,https://sheribiggs.house.gov,repsheribiggs,,RepSheriBiggs,B001325,repsheribiggs,RepSheriBiggs,,,,RepSheriBiggs,
G000601,TX,Republican,Craig A. Goldman,https://craiggoldman.house.gov,RepCraigGoldman,,61571449239416,G000601,RepCraigGoldman,61571449239416,,,,repcraiggoldman,
G000603,TX,Republican,Brandon Gill,https://gill.house.gov,repbrandongill,,RepBrandonGill,G000603,repbrandongill,RepBrandonGill,,,,repbrandongill,
J000310,TX,Democrat,Julie Johnson,https://juliejohnson.house.gov,RepJulieJohnson,,61569064997067,J000310,RepJulieJohnson,61569064997067,,,,repjuliejohnson,
K000403,UT,Republican,Mike Kennedy,https://mikekennedy.house.gov,repmikekennedy,,RepMikeKennedy,K000403,repmikekennedy,RepMikeKennedy,,,,repmikekennedy,
M001239,VA,Republican,John J. McGuire III,https://mcguire.house.gov,RepJohnMcGuire,,RepJohnMcGuire,M001239,RepJohnMcGuire,RepJohnMcGuire,,,,repjohnmcguire,
V000138,VA,Democrat,Eugene Simon Vindman,https://vindman.house.gov,RepVindman,,CongressmanEugeneVindman,V000138,RepVindman,CongressmanEugeneVindman,,,,repvindman,
S001230,VA,Democrat,Suhas Subramanyam,https://subramanyam.house.gov,RepSuhas,,RepSuhasSubramanyam,S001230,RepSuhas,RepSuhasSubramanyam,,,,repsuhas,
B001322,WA,Republican,Michael Baumgartner,https://baumgartner.house.gov,repbaumgartner,,RepBaumgartner,B001322,repbaumgartner,RepBaumgartner,,,,repbaumgartner,
R000621,WA,Democrat,Emily Randall,https://randall.house.gov,,,,,,,,,,,
M001235,WV,Republican,Riley M. Moore,https://rileymoore.house.gov,RepRileyMoore,,,M001235,RepRileyMoore,,,,,reprileymoore,
J000312,WV,Republican,James C. Justice,https://www.justice.senate.gov,,,100044187231175,J000312,,100044187231175,,,,senjimjustice,
H001104,OH,Republican,Jon Husted,https://www.husted.senate.gov,,,,,,,,,,,
M001244,FL,Republican,Ashley Moody,https://www.moody.senate.gov,,,,,,,,,,,
P000622,FL,Republican,Jimmy Patronis,https://patronis.house.gov,,,,,,,,,,,
F000484,FL,Republican,Randy Fine,https://fine.house.gov,,,,,,,,,,,
W000831,VA,Democrat,James R. Walkinshaw,,,,,,,,,,,,
G000606,AZ,Democrat,Adelita S. Grijalva,https://grijalva.house.gov/,,,,,,,,,,,
V000139,TN,Republican,Matt Van Epps,https://vanepps.house.gov/,,,,,,,,,,,
